,customer_id,name,age,gender,zip_code,email,phone_number,member_status,join_date,last_purchase_date,total_spend,avg_order_value,frequency,preferred_category,churn_status
0,1001.0,Customer_0,47.0,M,69005,cust0@example.com,,Silver,2022-05-02,2022-05-02,660.9,17.56,5,Хлеб,0
1,1002.0,Customer_1,70.0,M,69001,cust1@example.com,0644343985,Basic,2023-07-27,2023-05-13,1236.84,22.95,6,Выпечка,0
2,1003.0,Customer_2,23.0,M,69006,cust2@example.com,0612825259,Basic,2022-03-16,2022-03-16,1257.49,37.48,9,Выпечка,0
3,1004.0,Customer_3,55.0,M,69009,cust3@example.com,06992058,Basic,2022-07-03,2022-07-03,1311.04,49.75,4,Хлеб,0
4,1005.0,Customer_4,27.0,M,69007,cust4@example.com,0629312710,Basic,2021-09-18,2021-09-18,743.74,42.83,19,Тарты,0
5,1006.0,Customer_5,62.0,F,69008,cust5@example.com,0617465738,Basic,2021-10-22,2021-10-22,1081.96,22.91,5,Хлеб,0
6,1007.0,Customer_6,35.0,M,69003,cust6@example.com,06384129,Silver,2021-11-12,2021-11-12,340.63,17.64,18,Тарты,0
7,1008.0,Customer_7,69.0,F,69006,cust7@example.com,0621093695,Silver,2021-10-19,2021-10-19,1320.87,7.37,11,Выпечка,1
8,1009.0,Customer_8,74.0,M,69003,cust8@example.com,0661410124,Silver,2022-05-15,2022-05-15,1678.66,43.58,5,Тарты,1
9,1010.0,Customer_9,48.0,F,69006,cust9@example.com,0676150673,Silver,2022-10-22,2022-10-22,454.56,32.47,16,Хлеб,1
10,1011.0,Customer_10,59.0,M,69004,cust10@example.com,0616600257,Silver,2021-10-22,2021-10-22,785.58,21.91,5,Тарты,0
11,1012.0,Customer_11,31.0,M,69008,cust11@example.com,0689374772,Gold,2021-11-17,2021-11-17,1574.88,44.19,15,Хлеб,1
12,1013.0,Customer_12,46.0,M,69002,cust12@example.com,,Gold,2021-12-18,2021-12-18,244.57,11.31,1,Выпечка,0
13,1014.0,Customer_13,38.0,F,69001,cust13@example.com,0651643015,Silver,2022-02-07,2022-02-07,263.91,20.46,2,Хлеб,0
14,1015.0,Customer_14,23.0,F,69001,cust14@example.com,,Silver,2022-12-20,2022-12-20,768.92,23.13,10,Тарты,0
15,1016.0,Customer_15,65.0,F,69001,cust15@example.com,0670772073,Basic,2021-12-24,2021-12-24,1996.17,30.56,15,Выпечка,0
16,1017.0,Customer_16,73.0,F,69004,cust16@example.com,0613621743,Silver,2022-11-21,2022-11-21,1728.62,21.23,4,Тарты,0
17,1018.0,Customer_17,31.0,F,69001,cust17@example.com,0684283750,Gold,2022-04-09,2022-04-09,848.62,14.95,8,Тарты,0
18,1019.0,Customer_18,20.0,M,69005,cust18@example.com,,Silver,2022-12-27,2022-12-27,1706.5,31.36,9,Выпечка,0
19,1020.0,Customer_19,35.0,F,69004,cust19@example.com,0639893999,Silver,2022-11-03,2022-11-03,1718.34,41.39,3,Тарты,0
20,1021.0,Customer_20,58.0,F,69007,cust20@example.com,0647861457,Gold,2021-12-25,2021-12-25,858.59,45.31,5,Выпечка,0
21,1022.0,Customer_21,50.0,M,69006,cust21@example.com,0630002543,Silver,2021-10-26,2021-10-26,1211.24,47.65,19,Хлеб,0
22,1023.0,Customer_22,27.0,F,69009,cust22@example.com,,Basic,2022-09-27,2022-09-27,856.9,23.95,2,Тарты,0
23,1024.0,Customer_23,35.0,M,69009,cust23@example.com,0699140563,Basic,2021-12-12,2021-12-12,1146.56,20.0,12,Выпечка,1
24,1025.0,Customer_24,30.0,F,69009,cust24@example.com,0665660035,Basic,2022-05-16,2022-05-16,554.5,26.23,7,Тарты,0
25,1026.0,Customer_25,34.0,F,69009,cust25@example.com,,Basic,2022-08-26,2022-08-26,179.7,12.35,7,Хлеб,0
26,1027.0,Customer_26,55.0,F,69005,cust26@example.com,0617781207,Silver,2022-02-15,2022-02-15,309.31,9.72,4,Хлеб,0
27,1028.0,Customer_27,19.0,M,69003,cust27@example.com,0696185484,Basic,2022-11-23,2022-11-23,673.95,42.62,3,Тарты,0
28,1029.0,Customer_28,47.432432432432435,F,69008,cust28@example.com,0649560756,Silver,2022-10-27,2022-10-27,649.36,6.44,9,Хлеб,1
29,,Customer_29,69.0,F,69001,cust29@example.com,0628693862,Basic,2021-12-19,2021-12-19,1257.71,13.41,9,Выпечка,0
30,1031.0,Customer_30,59.0,F,69005,cust30@example.com,0652363848,Basic,2022-03-28,2022-03-28,1265.08,29.89,13,Выпечка,0
31,1032.0,Customer_31,40.0,M,69006,cust31@example.com,0637854117,Silver,2021-12-20,2021-12-20,755.99,37.45,8,Хлеб,0
32,1033.0,Customer_32,73.0,M,69006,cust32@example.com,,Basic,2022-06-29,2022-06-29,318.42,33.57,9,Выпечка,0
33,1034.0,Customer_33,51.0,F,69005,cust33@example.com,0665528085,Basic,2022-12-19,2022-12-19,1587.43,18.17,14,Тарты,0
34,1035.0,Customer_34,32.0,F,69002,cust34@example.com,0679833187,Basic,2022-03-15,2022-03-15,1757.42,49.84,2,Выпечка,0
35,1036.0,Customer_35,39.0,F,69005,cust35@example.com,0647112508,Basic,2022-04-02,2022-04-02,1556.5,49.22,8,Выпечка,1
36,1037.0,Customer_36,47.432432432432435,M,69002,cust36@example.com,0657308332,Basic,2021-09-29,2021-09-29,1819.22,44.02,18,Выпечка,0
37,1038.0,Customer_37,71.0,M,69006,cust37@example.com,0672893319,Silver,2021-11-09,2021-11-09,1291.53,33.26,8,Тарты,0
38,1039.0,Customer_38,42.0,M,69002,cust38@example.com,0627045323,Basic,2022-09-02,2022-09-02,1630.78,36.84,3,Тарты,0
39,1040.0,Customer_39,55.0,M,69009,cust39@example.com,0636598560,Silver,2022-05-20,2022-05-20,690.06,5.58,13,Тарты,0
40,1041.0,Customer_40,69.0,M,69005,cust40@example.com,0628267439,Basic,2022-10-03,2022-10-03,165.45,39.05,18,Тарты,0
41,1042.0,Customer_41,50.0,F,69005,cust41@example.com,,Silver,2022-02-12,2022-02-12,841.13,26.49,1,Тарты,0
42,1043.0,Customer_42,41.0,F,69001,cust42@example.com,,Gold,2022-01-13,2022-01-13,203.9,7.15,9,Выпечка,0
43,1044.0,Customer_43,22.0,M,69007,cust43@example.com,0680265429,Basic,2022-02-18,2022-02-18,412.2,47.76,18,Выпечка,0
44,1045.0,Customer_44,43.0,F,69005,cust44@example.com,0657678454,Basic,2022-07-23,2022-07-23,1923.6,22.43,14,Хлеб,0
45,1046.0,Customer_45,30.0,M,69003,cust45@example.com,0621184233,Basic,2022-02-03,2022-02-03,1699.38,48.11,8,Хлеб,1
46,1047.0,Customer_46,70.0,M,69009,cust46@example.com,0671153105,Basic,2022-01-03,2022-01-03,730.59,7.79,5,Выпечка,1
47,1048.0,Customer_47,35.0,F,69007,cust47@example.com,0684263055,Silver,2021-12-24,2021-12-24,339.74,16.19,11,Хлеб,0
48,1049.0,Customer_48,44.0,M,69004,cust48@example.com,0639753235,Silver,2022-02-14,2022-02-14,1847.4,10.63,16,Тарты,0
49,1050.0,Customer_49,69.0,M,69003,cust49@example.com,0660216941,Basic,2022-12-16,2022-12-16,1786.22,38.52,13,Тарты,0
50,1051.0,Customer_50,49.0,F,69001,cust50@example.com,0662081048,Basic,2021-09-07,2021-09-07,725.02,37.31,1,Хлеб,0
51,1052.0,Customer_51,60.0,M,69001,cust51@example.com,0653877724,Silver,2022-12-26,2022-12-26,200.25,27.41,7,Тарты,0
52,1053.0,Customer_52,34.0,M,69002,cust52@example.com,0696941753,Basic,2022-05-18,2022-05-18,989.62,44.4,2,Хлеб,0
53,1054.0,Customer_53,27.0,F,69009,cust53@example.com,0624115779,Basic,2022-12-18,2022-12-18,1963.17,32.37,5,Тарты,1
54,1055.0,Customer_54,24.0,F,69009,cust54@example.com,0629864210,Basic,2022-09-14,2022-09-14,1014.08,25.98,10,Хлеб,1
55,1056.0,Customer_55,73.0,M,69003,cust55@example.com,0633603122,Basic,2022-09-01,2022-09-01,291.49,19.12,10,Выпечка,0
56,1057.0,Customer_56,74.0,F,69008,cust56@example.com,0670299107,Basic,2022-09-18,2022-09-18,898.66,44.3,14,Хлеб,0
57,1058.0,Customer_57,65.0,M,69005,cust57@example.com,0638726188,Silver,2021-12-03,2021-12-03,1460.61,11.28,1,Выпечка,0
58,1059.0,Customer_58,63.0,M,69009,cust58@example.com,06485768,Basic,2021-10-29,2021-10-29,1587.64,8.49,18,Выпечка,0
59,1060.0,Customer_59,21.0,M,69003,cust59@example.com,06758525,Basic,2022-07-28,2022-07-28,910.58,13.16,13,Тарты,0
60,1061.0,Customer_60,27.0,M,69007,cust60@example.com,0613430484,Basic,2022-11-03,2022-11-03,386.81,29.54,17,Хлеб,0
61,1062.0,Customer_61,43.0,M,69004,cust61@example.com,0663839013,Basic,2022-09-24,2022-09-24,704.4,26.73,5,Тарты,0
62,1063.0,Customer_62,37.0,F,69001,cust62@example.com,0659737795,Basic,2022-06-01,2022-06-01,621.83,35.38,5,Хлеб,0
63,1064.0,Customer_63,48.0,M,69006,cust63@example.com,0621634784,Silver,2021-10-24,2021-10-24,1216.24,11.28,18,Хлеб,0
64,1065.0,Customer_64,24.0,F,69005,cust64@example.com,0630460723,Basic,2022-07-16,2022-07-16,640.73,36.29,9,Хлеб,0
65,1066.0,Customer_65,67.0,M,69002,cust65@example.com,0682787234,Basic,2021-12-31,2021-12-31,1249.1,8.85,19,Тарты,1
66,1067.0,Customer_66,68.0,M,69007,cust66@example.com,0648444367,Silver,2022-09-27,2022-09-27,284.9,45.13,12,Хлеб,0
67,1068.0,Customer_67,47.432432432432435,M,69009,cust67@example.com,0643376445,Basic,2022-12-02,2022-12-02,277.1,28.82,16,Выпечка,0
68,1069.0,Customer_68,61.0,F,69001,cust68@example.com,0644117672,Basic,2022-03-15,2022-03-15,990.46,32.49,16,Тарты,0
69,1070.0,Customer_69,21.0,M,69005,cust69@example.com,0652066495,Basic,2022-09-11,2022-09-11,277.97,5.9,3,Выпечка,0
70,1071.0,Customer_70,75.0,M,69003,cust70@example.com,0635026326,Silver,2022-09-14,2022-09-14,820.28,28.05,11,Тарты,0
71,1072.0,Customer_71,33.0,F,69008,cust71@example.com,06851666,Silver,2021-11-26,2021-11-26,852.85,42.52,8,Хлеб,0
72,1073.0,Customer_72,43.0,M,69005,cust72@example.com,0693165620,Gold,2021-12-26,2021-12-26,832.65,14.07,9,Тарты,0
73,1074.0,Customer_73,71.0,M,69009,cust73@example.com,0692625001,Gold,2021-09-09,2021-09-09,1496.9,20.75,16,Хлеб,1
74,1075.0,Customer_74,56.0,F,69005,cust74@example.com,0687399026,Silver,2021-08-19,2021-08-19,381.28,31.0,17,Тарты,1
75,1076.0,Customer_75,66.0,F,69005,cust75@example.com,06342563,Basic,2022-12-06,2022-12-06,145.16,38.33,15,Хлеб,0
76,1077.0,Customer_76,36.0,F,69003,cust76@example.com,0681396347,Basic,2022-04-25,2022-04-25,338.72,14.32,13,Тарты,1
77,1078.0,Customer_77,21.0,F,69003,cust77@example.com,0611334093,Basic,2022-02-14,2022-02-14,1765.65,13.77,1,Выпечка,0
78,1079.0,Customer_78,31.0,F,69007,cust78@example.com,0698591621,Basic,2022-10-23,2022-10-23,314.23,21.96,16,Тарты,0
79,1080.0,Customer_79,56.0,F,69009,cust79@example.com,0685863985,Basic,2021-08-27,2021-08-27,1138.88,22.22,8,Хлеб,0
80,1081.0,Customer_80,74.0,M,69001,cust80@example.com,0649114944,Basic,2022-05-19,2022-05-19,1964.08,29.81,4,Выпечка,0
81,1082.0,Customer_81,55.0,M,69007,cust81@example.com,06579235,Basic,2022-06-13,2022-06-13,1819.78,33.17,6,Хлеб,0
82,1083.0,Customer_82,34.0,M,69009,cust82@example.com,0684323707,Silver,2021-12-14,2021-12-14,1565.02,42.82,17,Тарты,0
83,1084.0,Customer_83,25.0,M,69004,cust83@example.com,0641092363,Silver,2021-12-24,2021-12-24,1626.53,39.42,14,Хлеб,0
84,1085.0,Customer_84,54.0,M,69007,cust84@example.com,06325393,Silver,2021-11-30,2021-11-30,218.71,35.78,7,Тарты,0
85,1086.0,Customer_85,74.0,M,69004,cust85@example.com,0625778008,Basic,2021-09-26,2021-09-26,197.99,30.02,6,Тарты,0
86,1087.0,Customer_86,36.0,M,69003,cust86@example.com,,Basic,2022-10-27,2022-10-27,60.79,19.08,17,Хлеб,0
87,1088.0,Customer_87,36.0,M,69001,cust87@example.com,0622470517,Basic,2022-05-04,2022-05-04,479.13,22.46,11,Тарты,0
88,1089.0,Customer_88,32.0,M,69006,cust88@example.com,0623341657,Basic,2022-11-08,2022-11-08,406.73,27.71,12,Хлеб,0
89,1090.0,Customer_89,25.0,F,69005,cust89@example.com,0675200117,Silver,2022-09-30,2022-09-30,243.94,23.72,2,Тарты,0
90,1091.0,Customer_90,68.0,M,69006,cust90@example.com,0671388334,Basic,2022-12-11,2022-12-11,411.81,28.95,5,Тарты,1
91,1092.0,Customer_91,35.0,M,69006,cust91@example.com,0613015351,Basic,2021-11-13,2021-11-13,1888.49,41.37,1,Выпечка,0
92,1093.0,Customer_92,59.0,M,69002,cust92@example.com,06205071,Basic,2022-08-31,2022-08-31,1889.86,16.92,8,Тарты,1
93,1094.0,Customer_93,30.0,F,69009,cust93@example.com,0663643009,Basic,2022-08-01,2022-08-01,695.57,27.53,11,Тарты,1
94,1095.0,Customer_94,34.0,F,69004,cust94@example.com,0650111106,Silver,2022-03-05,2022-03-05,581.54,27.66,2,Выпечка,1
95,1096.0,Customer_95,31.0,M,69003,cust95@example.com,0690093286,Basic,2021-08-23,2021-08-23,1660.54,29.93,17,Хлеб,0
96,1097.0,Customer_96,41.0,F,69009,cust96@example.com,06865135,Basic,2022-01-07,2022-01-07,912.29,40.46,12,Тарты,0
97,1098.0,Customer_97,64.0,M,69004,cust97@example.com,06364023,Gold,2021-09-22,2021-09-22,943.23,42.51,16,Выпечка,0
98,1099.0,Customer_98,65.0,M,69009,cust98@example.com,06331942,Basic,2022-11-18,2022-11-18,423.46,27.9,10,Хлеб,0
99,1100.0,Customer_99,70.0,M,69008,cust99@example.com,0670757230,Basic,2022-02-25,2022-02-25,56.74,10.03,14,Хлеб,0
100,1101.0,Customer_100,47.432432432432435,F,69005,cust100@example.com,0644210533,Basic,2021-12-08,2021-12-08,1766.77,44.03,9,Хлеб,0
101,1102.0,Customer_101,37.0,M,69008,cust101@example.com,,Silver,2022-08-26,2022-08-26,1907.13,13.52,19,Выпечка,1
102,1103.0,Customer_102,75.0,M,69006,cust102@example.com,06276622,Basic,2022-11-27,2022-11-27,801.44,36.87,19,Тарты,0
103,1104.0,Customer_103,28.0,M,69009,cust103@example.com,0652099049,Gold,2022-07-13,2022-07-13,1955.36,22.49,11,Тарты,0
104,1105.0,Customer_104,47.432432432432435,F,69004,cust104@example.com,06639535,Basic,2022-05-18,2022-05-18,263.05,32.71,13,Выпечка,0
105,1106.0,Customer_105,47.432432432432435,M,69007,cust105@example.com,0677191001,Basic,2022-05-28,2022-05-28,907.39,24.48,9,Выпечка,0
106,1107.0,Customer_106,47.0,M,69003,cust106@example.com,,Basic,2022-02-11,2022-02-11,1516.11,9.76,3,Тарты,0
107,1108.0,Customer_107,21.0,F,69008,cust107@example.com,0682244717,Silver,2022-08-29,2022-08-29,346.58,11.4,4,Выпечка,0
108,1109.0,Customer_108,26.0,F,69002,cust108@example.com,0631923895,Silver,2022-10-14,2022-10-14,774.01,23.21,5,Хлеб,0
109,1110.0,Customer_109,52.0,F,69008,cust109@example.com,06967496,Basic,2022-11-11,2022-11-11,175.71,41.96,14,Хлеб,0
110,1111.0,Customer_110,19.0,F,69003,cust110@example.com,0624733947,Basic,2022-05-10,2022-05-10,1808.53,5.85,7,Тарты,0
111,1112.0,Customer_111,73.0,F,69007,cust111@example.com,0614978115,Silver,2022-07-09,2022-07-09,1574.85,31.38,10,Хлеб,0
112,1113.0,Customer_112,47.432432432432435,F,69004,cust112@example.com,,Basic,2022-04-16,2022-04-16,203.74,39.76,6,Выпечка,1
113,1114.0,Customer_113,32.0,F,69005,cust113@example.com,0635115491,Silver,2022-12-06,2022-12-06,804.35,27.61,18,Тарты,1
114,1115.0,Customer_114,68.0,F,69004,cust114@example.com,0672943838,Basic,2022-09-28,2022-09-28,839.79,20.91,11,Хлеб,0
115,1116.0,Customer_115,67.0,M,69005,cust115@example.com,0618586793,Gold,2022-03-30,2022-03-30,1149.38,5.75,18,Хлеб,0
116,1117.0,Customer_116,72.0,M,69006,cust116@example.com,0664282706,Silver,2022-11-19,2022-11-19,993.08,21.58,3,Тарты,0
117,1118.0,Customer_117,21.0,M,69009,cust117@example.com,0646488493,Silver,2022-01-18,2022-01-18,1564.95,48.07,19,Выпечка,1
118,1119.0,Customer_118,42.0,M,69001,cust118@example.com,06974945,Basic,2022-10-26,2022-10-26,412.88,20.41,1,Хлеб,0
119,1120.0,Customer_119,29.0,F,69009,cust119@example.com,0646433632,Basic,2022-02-22,2022-02-22,1084.21,40.04,6,Тарты,0
120,1121.0,Customer_120,32.0,M,69006,cust120@example.com,0621508478,Basic,2021-10-11,2021-10-11,957.59,25.52,7,Тарты,0
121,1122.0,Customer_121,74.0,F,69004,cust121@example.com,06379075,Basic,2021-09-10,2021-09-10,991.52,38.75,19,Хлеб,0
122,1123.0,Customer_122,56.0,M,69001,cust122@example.com,0631277685,Basic,2021-12-02,2021-12-02,809.53,9.41,17,Выпечка,0
123,1124.0,Customer_123,67.0,M,69003,cust123@example.com,0688457119,Basic,2022-03-10,2022-03-10,1419.56,21.37,19,Выпечка,0
124,1125.0,Customer_124,42.0,M,69002,cust124@example.com,0650260702,Basic,2021-11-07,2021-11-07,174.7,20.42,11,Хлеб,0
125,1126.0,Customer_125,63.0,F,69004,cust125@example.com,0626938965,Basic,2022-03-22,2022-03-22,1007.02,10.61,1,Выпечка,0
126,1127.0,Customer_126,72.0,M,69001,cust126@example.com,06615619,Basic,2021-12-12,2021-12-12,1342.51,39.51,17,Тарты,0
127,1128.0,Customer_127,47.432432432432435,F,69001,cust127@example.com,0634838732,Silver,2022-08-18,2022-08-18,1727.19,39.19,18,Хлеб,0
128,1129.0,Customer_128,67.0,F,69008,cust128@example.com,0686456386,Gold,2022-12-14,2022-12-14,157.23,7.68,17,Выпечка,0
129,1130.0,Customer_129,47.0,F,69001,cust129@example.com,0624776090,Basic,2021-12-03,2021-12-03,1595.18,7.27,16,Выпечка,0
130,1131.0,Customer_130,27.0,M,69009,cust130@example.com,0643469875,Basic,2022-08-15,2022-08-15,1849.38,30.77,11,Выпечка,0
131,1132.0,Customer_131,59.0,M,69009,cust131@example.com,0677474803,Basic,2021-10-15,2021-10-15,1056.01,49.09,13,Выпечка,1
132,1133.0,Customer_132,49.0,M,69001,cust132@example.com,0635695258,Silver,2022-03-26,2022-03-26,1629.86,41.23,5,Хлеб,0
133,1134.0,Customer_133,30.0,M,69006,cust133@example.com,0623175973,Silver,2022-04-09,2022-04-09,237.29,6.48,9,Тарты,0
134,1135.0,Customer_134,41.0,F,69001,cust134@example.com,06102364,Basic,2022-06-01,2022-06-01,1791.25,37.08,13,Хлеб,0
135,1136.0,Customer_135,72.0,M,69007,cust135@example.com,0683172060,Basic,2021-09-25,2021-09-25,1310.13,17.03,1,Хлеб,0
136,1137.0,Customer_136,35.0,M,69002,cust136@example.com,0647305248,Basic,2022-07-24,2022-07-24,1414.92,39.71,16,Выпечка,0
137,1138.0,Customer_137,59.0,F,69001,cust137@example.com,06593125,Basic,2022-08-03,2022-08-03,253.92,48.33,6,Выпечка,0
138,1139.0,Customer_138,47.432432432432435,M,69002,cust138@example.com,0626146701,Silver,2022-03-29,2022-03-29,645.08,10.83,10,Тарты,0
139,1140.0,Customer_139,44.0,F,69005,cust139@example.com,0622801665,Silver,2021-12-11,2021-12-11,504.28,21.03,12,Хлеб,0
140,1141.0,Customer_140,21.0,M,69005,cust140@example.com,0675670472,Basic,2022-01-15,2022-01-15,710.06,42.89,13,Хлеб,0
141,1142.0,Customer_141,56.0,F,69003,cust141@example.com,0684671554,Basic,2021-10-02,2021-10-02,328.46,37.79,5,Выпечка,0
142,1143.0,Customer_142,41.0,M,69006,cust142@example.com,0667812919,Basic,2021-09-28,2021-09-28,277.28,31.72,17,Тарты,0
143,1144.0,Customer_143,47.432432432432435,F,69001,cust143@example.com,,Basic,2022-01-31,2022-01-31,1053.77,26.9,15,Выпечка,0
144,1145.0,Customer_144,42.0,F,69004,cust144@example.com,0633186898,Basic,2022-10-02,2022-10-02,897.07,16.63,6,Тарты,0
145,1146.0,Customer_145,42.0,M,69004,cust145@example.com,0653363920,Silver,2022-10-03,2022-10-03,1546.99,6.34,16,Выпечка,0
146,1147.0,Customer_146,55.0,M,69008,cust146@example.com,0690302493,Basic,2022-06-19,2022-06-19,62.27,36.94,4,Тарты,1
147,1148.0,Customer_147,61.0,F,69004,cust147@example.com,0636122973,Silver,2022-08-15,2022-08-15,450.26,33.37,18,Хлеб,0
148,1149.0,Customer_148,57.0,M,69009,cust148@example.com,,Silver,2022-03-18,2022-03-18,1048.07,11.53,7,Тарты,0
149,1150.0,Customer_149,22.0,F,69002,cust149@example.com,0631281697,Basic,2021-10-08,2021-10-08,1045.96,29.66,3,Выпечка,0
150,1151.0,Customer_150,68.0,M,69009,cust150@example.com,,Silver,2022-05-20,2022-05-20,636.25,27.25,12,Тарты,0
151,1152.0,Customer_151,43.0,F,69009,cust151@example.com,06103230,Silver,2022-05-28,2022-05-28,549.37,17.91,14,Хлеб,0
152,1153.0,Customer_152,33.0,M,69001,cust152@example.com,0680115167,Silver,2022-06-08,2022-06-08,1445.75,9.01,3,Хлеб,0
153,1154.0,Customer_153,70.0,F,69008,cust153@example.com,0667434210,Silver,2022-03-09,2022-03-09,1113.9,26.83,10,Хлеб,0
154,1155.0,Customer_154,47.432432432432435,F,69008,cust154@example.com,0689517034,Basic,2022-07-18,2022-07-18,137.13,44.68,7,Выпечка,0
155,1156.0,Customer_155,40.0,M,69001,cust155@example.com,0674035128,Basic,2022-06-29,2022-06-29,1493.98,37.67,15,Тарты,0
156,1157.0,Customer_156,75.0,M,69007,cust156@example.com,0683683199,Gold,2022-03-27,2022-03-27,1649.62,19.53,3,Выпечка,0
157,1158.0,Customer_157,66.0,M,69004,cust157@example.com,06176667,Silver,2022-05-08,2022-05-08,1519.75,20.78,2,Тарты,0
158,1159.0,Customer_158,50.0,F,69003,cust158@example.com,0622424523,Basic,2021-09-12,2021-09-12,1798.39,28.32,7,Выпечка,0
159,1160.0,Customer_159,44.0,F,69009,cust159@example.com,0655815192,Silver,2022-04-27,2022-04-27,513.82,21.51,12,Хлеб,0
160,1161.0,Customer_160,47.0,F,69001,cust160@example.com,06249529,Basic,2022-12-22,2022-12-22,229.05,18.45,15,Хлеб,0
161,1162.0,Customer_161,46.0,M,69002,cust161@example.com,0683145977,Gold,2022-03-28,2022-03-28,1380.96,8.17,4,Хлеб,1
162,1163.0,Customer_162,47.432432432432435,F,69001,cust162@example.com,0651672911,Silver,2022-08-05,2022-08-05,1937.41,15.82,18,Выпечка,0
163,1164.0,Customer_163,37.0,F,69003,cust163@example.com,06202887,Silver,2022-12-31,2022-12-31,491.97,43.67,5,Выпечка,1
164,1165.0,Customer_164,32.0,M,69007,cust164@example.com,0634757713,Basic,2021-09-15,2021-09-15,1303.12,38.96,2,Тарты,1
165,1166.0,Customer_165,47.432432432432435,M,69005,cust165@example.com,0620112899,Basic,2022-12-09,2022-12-09,1781.98,26.33,11,Тарты,0
166,1167.0,Customer_166,54.0,M,69002,cust166@example.com,0633861086,Silver,2021-12-20,2021-12-20,387.82,48.85,12,Тарты,0
167,1168.0,Customer_167,54.0,F,69002,cust167@example.com,0683842812,Basic,2022-08-13,2022-08-13,183.17,40.49,2,Выпечка,0
168,1169.0,Customer_168,24.0,M,69005,cust168@example.com,0666031536,Basic,2021-09-04,2021-09-04,633.21,41.33,8,Тарты,0
169,1170.0,Customer_169,55.0,M,69003,cust169@example.com,0659301624,Silver,2022-10-08,2022-10-08,987.18,31.79,14,Выпечка,0
170,1171.0,Customer_170,71.0,F,69006,cust170@example.com,0658615863,Basic,2022-11-19,2022-11-19,1850.48,41.32,12,Тарты,0
171,1172.0,Customer_171,28.0,F,69008,cust171@example.com,,Basic,2022-11-07,2022-11-07,84.44,34.48,14,Тарты,0
172,1173.0,Customer_172,39.0,M,69004,cust172@example.com,0644552520,Basic,2022-10-12,2022-10-12,1128.99,26.75,4,Хлеб,0
173,1174.0,Customer_173,27.0,M,69005,cust173@example.com,,Basic,2022-02-11,2022-02-11,583.79,33.57,4,Тарты,1
174,1175.0,Customer_174,58.0,M,69009,cust174@example.com,0632306718,Silver,2022-03-12,2022-03-12,1674.91,28.94,11,Тарты,0
175,1176.0,Customer_175,67.0,M,69007,cust175@example.com,0696345411,Basic,2021-10-27,2021-10-27,1731.6,44.17,15,Хлеб,0
176,1177.0,Customer_176,34.0,M,69007,cust176@example.com,0641207779,Silver,2022-02-11,2022-02-11,567.5,23.46,4,Тарты,1
177,1178.0,Customer_177,44.0,F,69005,cust177@example.com,0626492656,Silver,2021-08-30,2021-08-30,1352.01,28.74,10,Хлеб,0
178,1179.0,Customer_178,21.0,F,69009,cust178@example.com,0641525568,Basic,2022-03-30,2022-03-30,1330.18,33.05,6,Выпечка,0
179,1180.0,Customer_179,55.0,M,69001,cust179@example.com,0614287755,Silver,2022-08-08,2022-08-08,1636.85,20.41,11,Выпечка,0
180,1181.0,Customer_180,67.0,F,69008,cust180@example.com,0641404185,Basic,2022-09-03,2022-09-03,1490.62,13.9,4,Тарты,0
181,1182.0,Customer_181,68.0,F,69003,cust181@example.com,0615918782,Basic,2021-11-09,2021-11-09,722.82,32.79,14,Тарты,1
182,1183.0,Customer_182,36.0,M,69005,cust182@example.com,0661474437,Silver,2022-09-13,2022-09-13,78.12,18.14,5,Выпечка,0
183,1184.0,Customer_183,47.432432432432435,M,69006,cust183@example.com,0680407863,Silver,2022-08-28,2022-08-28,1613.0,27.35,2,Выпечка,0
184,1185.0,Customer_184,19.0,F,69009,cust184@example.com,,Gold,2022-09-20,2022-09-20,1397.32,26.91,18,Хлеб,1
185,1186.0,Customer_185,72.0,M,69008,cust185@example.com,06922581,Basic,2022-03-10,2022-03-10,1393.04,28.45,10,Тарты,0
186,1187.0,Customer_186,42.0,F,69005,cust186@example.com,0624178352,Silver,2022-06-22,2022-06-22,1531.32,16.77,18,Выпечка,0
187,1188.0,Customer_187,67.0,F,69005,cust187@example.com,0683388134,Basic,2022-03-17,2022-03-17,921.93,23.9,7,Выпечка,0
188,1189.0,Customer_188,48.0,F,69004,cust188@example.com,,Basic,2021-11-22,2021-11-22,1829.09,7.39,2,Выпечка,0
189,1190.0,Customer_189,42.0,F,69004,cust189@example.com,0634233528,Basic,2021-09-20,2021-09-20,1053.87,15.35,2,Выпечка,0
190,1191.0,Customer_190,36.0,M,69006,cust190@example.com,06312337,Basic,2022-11-25,2022-11-25,164.6,12.08,18,Выпечка,0
191,1192.0,Customer_191,47.432432432432435,F,69002,cust191@example.com,,Gold,2022-03-28,2022-03-28,1394.78,38.2,12,Выпечка,0
192,1193.0,Customer_192,33.0,M,69002,cust192@example.com,0689942023,Silver,2022-02-10,2022-02-10,557.47,15.9,15,Хлеб,0
193,1194.0,Customer_193,39.0,M,69003,cust193@example.com,0677800759,Basic,2021-09-02,2021-09-02,1878.47,48.08,9,Хлеб,0
194,1195.0,Customer_194,74.0,F,69008,cust194@example.com,0638281172,Basic,2021-11-26,2021-11-26,755.6,36.74,4,Тарты,0
195,1196.0,Customer_195,64.0,M,69009,cust195@example.com,06571527,Basic,2021-09-11,2021-09-11,1131.32,5.58,13,Хлеб,0
196,1197.0,Customer_196,67.0,M,69008,cust196@example.com,,Basic,2021-09-03,2021-09-03,974.09,37.84,11,Хлеб,1
197,1198.0,Customer_197,21.0,F,69001,cust197@example.com,0636512620,Silver,2022-07-05,2022-07-05,1302.73,22.22,18,Хлеб,1
198,1199.0,Customer_198,51.0,M,69002,cust198@example.com,0637133020,Basic,2022-05-12,2022-05-12,1521.84,17.09,13,Хлеб,0
199,1200.0,Customer_199,46.0,M,69005,cust199@example.com,0674809923,Basic,2022-10-31,2022-10-31,269.81,42.93,12,Тарты,0
