,transaction_id,customer_id,date,product_id,quantity,price,promotion_id
0,1,1029,2023-06-25,102,1,2.8,0.0
1,2,1175,2023-12-26,107,2,3.5,10.0
2,3,1007,2023-04-02,103,1,1.2,0.0
3,4,1150,2023-02-10,102,5,2.8,30.0
4,5,1114,2023-01-10,108,1,3.0,0.0
5,6,1083,2023-02-13,103,3,1.2,30.0
6,7,1145,2023-05-28,104,2,4.5,0.0
7,8,1012,2023-06-10,101,4,2.5,0.0
8,9,1007,2023-06-09,110,2,15.0,0.0
9,10,1166,2023-10-04,109,5,0.5,10.0
10,11,1058,2023-08-20,105,1,4.0,30.0
11,12,1198,2023-05-30,109,5,0.5,0.0
12,13,1019,2023-02-15,107,4,3.5,30.0
13,14,1146,2023-08-18,110,3,15.0,0.0
14,15,1147,2023-03-12,101,4,2.5,0.0
15,16,1167,2023-10-28,109,1,0.5,10.0
16,17,1188,2023-08-30,107,2,3.5,0.0
17,18,1138,2023-07-05,110,4,15.0,10.0
18,19,1064,2023-04-29,103,5,1.2,30.0
19,20,1110,2023-06-03,102,3,2.8,0.0
20,21,1059,2023-06-29,108,5,3.0,30.0
21,22,1183,2023-10-10,107,5,3.5,0.0
22,23,1124,2023-01-01,106,4,4.5,0.0
23,24,1081,2023-09-16,101,1,2.5,30.0
24,25,1083,2023-07-08,104,5,4.5,0.0
25,26,1139,2023-02-28,107,1,3.5,0.0
26,27,1148,2023-12-16,101,1,2.5,30.0
27,28,1160,2023-04-15,107,5,3.5,10.0
28,29,1110,2023-12-31,109,1,0.5,30.0
29,30,1013,2023-07-01,110,5,15.0,30.0
30,31,1038,2023-10-05,107,3,3.5,10.0
31,32,1137,2023-05-08,107,2,3.5,0.0
32,33,1119,2023-03-26,108,3,3.0,0.0
33,34,1122,2023-03-30,105,5,4.0,10.0
34,35,1064,2023-04-29,106,5,4.5,0.0
35,36,1063,2023-12-21,101,1,2.5,10.0
36,37,1125,2023-04-16,105,5,4.0,0.0
37,38,1066,2023-05-05,104,5,4.5,0.0
38,39,1017,2023-04-13,107,3,3.5,10.0
39,40,1068,2023-10-08,102,1,2.8,0.0
40,41,1095,2023-05-06,106,2,4.5,30.0
41,42,1047,2023-04-12,109,2,0.5,0.0
42,43,1104,2023-11-21,106,1,4.5,30.0
43,44,1143,2023-11-01,102,4,2.8,10.0
44,45,1174,2023-07-28,104,4,4.5,20.0
45,46,1197,2023-06-12,110,4,15.0,0.0
46,47,1172,2023-01-17,102,1,2.8,0.0
47,48,1161,2023-02-05,109,2,0.5,30.0
48,49,1107,2023-07-25,103,4,1.2,30.0
49,50,1062,2023-12-06,104,5,4.5,10.0
50,51,1049,2023-12-03,101,4,2.5,10.0
51,52,1149,2023-01-30,101,5,2.5,10.0
52,53,1007,2023-03-15,107,5,3.5,30.0
53,54,1173,2023-04-12,102,3,2.8,0.0
54,55,1057,2023-04-05,110,4,15.0,30.0
55,56,1198,2023-12-10,104,5,4.5,20.0
56,57,1137,2023-08-02,109,1,0.5,20.0
57,58,1181,2023-05-12,105,4,4.0,10.0
58,59,1143,2023-09-04,105,1,4.0,10.0
59,60,1159,2023-03-23,104,5,4.5,0.0
60,61,1145,2023-07-13,107,4,3.5,10.0
61,62,1169,2023-07-11,101,3,2.5,10.0
62,63,1014,2023-09-12,104,2,4.5,20.0
63,64,1132,2023-06-10,102,3,2.8,20.0
64,65,1073,2023-05-08,103,5,1.2,10.0
65,66,1048,2023-08-16,109,3,0.5,30.0
66,67,1108,2023-06-20,107,1,3.5,10.0
67,68,1144,2023-09-02,106,4,4.5,0.0
68,69,1088,2023-12-16,109,1,0.5,10.0
69,70,1038,2023-07-12,109,2,0.5,20.0
70,71,1129,2023-01-16,109,3,0.5,20.0
71,72,1058,2023-03-02,110,4,15.0,20.0
72,73,1074,2023-07-09,104,5,4.5,0.0
73,74,1071,2023-04-29,109,3,0.5,20.0
74,75,1018,2023-06-10,103,1,1.2,10.0
75,76,1024,2023-11-10,101,5,2.5,20.0
76,77,1098,2023-11-11,106,1,4.5,0.0
77,78,1167,2023-04-03,109,5,0.5,20.0
78,79,1164,2023-05-21,107,3,3.5,20.0
79,80,1124,2023-06-19,103,3,1.2,0.0
80,81,1119,2023-07-09,105,4,4.0,10.0
81,82,1005,2023-03-03,109,1,0.5,0.0
82,83,1132,2023-12-01,104,2,4.5,0.0
83,84,1127,2023-04-27,109,3,0.5,30.0
84,85,1035,2023-04-14,103,5,1.2,10.0
85,86,1170,2024-01-01,103,1,1.2,0.0
86,87,1091,2023-09-17,102,4,2.8,30.0
87,88,1030,2023-09-25,102,5,2.8,20.0
88,89,1003,2023-11-19,106,5,4.5,30.0
89,90,1019,2023-02-23,110,1,15.0,30.0
90,91,1134,2023-03-13,106,1,4.5,0.0
91,92,1135,2023-10-28,105,1,4.0,30.0
92,93,1135,2023-12-24,106,1,4.5,10.0
93,94,1160,2023-08-30,108,4,3.0,10.0
94,95,1105,2023-10-09,107,4,3.5,0.0
95,96,1045,2023-01-05,103,5,1.2,0.0
96,97,1120,2023-08-05,106,1,4.5,10.0
97,98,1040,2023-12-27,101,5,2.5,10.0
98,99,1163,2023-06-21,108,3,3.0,10.0
99,100,1032,2023-02-13,102,3,2.8,10.0
100,101,1107,2023-10-20,101,2,2.5,20.0
101,102,1097,2023-09-09,102,1,2.8,0.0
102,103,1075,2023-06-23,110,1,15.0,10.0
103,104,1172,2023-07-07,101,3,2.5,20.0
104,105,1167,2023-09-15,109,4,0.5,30.0
105,106,1034,2023-09-06,108,1,3.0,0.0
106,107,1027,2023-02-21,105,2,4.0,30.0
107,108,1193,2023-08-14,102,3,2.8,0.0
108,109,1171,2023-02-03,101,5,2.5,0.0
109,110,1025,2023-10-17,102,4,2.8,10.0
110,111,1181,2023-12-30,103,4,1.2,10.0
111,112,1026,2023-03-16,110,3,15.0,20.0
112,113,1083,2023-02-05,105,4,4.0,20.0
113,114,1109,2023-02-17,106,2,4.5,0.0
114,115,1056,2023-09-23,105,1,4.0,20.0
115,116,1134,2023-03-05,110,1,15.0,30.0
116,117,1184,2023-03-24,106,5,4.5,30.0
117,118,1133,2023-02-26,101,1,2.5,30.0
118,119,1079,2023-03-14,102,5,2.8,0.0
119,120,1177,2023-01-13,110,2,15.0,10.0
120,121,1173,2023-06-27,102,5,2.8,30.0
121,122,1073,2023-08-31,105,1,4.0,10.0
122,123,1127,2023-12-17,106,2,4.5,30.0
123,124,1178,2023-05-09,105,4,4.0,20.0
124,125,1187,2023-10-02,109,5,0.5,0.0
125,126,1018,2023-09-07,104,4,4.5,30.0
126,127,1118,2023-08-16,108,1,3.0,20.0
127,128,1032,2023-06-20,110,3,15.0,20.0
128,129,1007,2023-02-04,108,3,3.0,20.0
129,130,1133,2023-11-29,101,5,2.5,0.0
130,131,1188,2023-09-15,103,4,1.2,0.0
131,132,1134,2023-06-07,105,2,4.0,20.0
132,133,1034,2023-03-24,101,1,2.5,0.0
133,134,1113,2023-11-03,107,5,3.5,0.0
134,135,1051,2023-12-26,108,3,3.0,30.0
135,136,1084,2023-12-03,109,3,0.5,30.0
136,137,1035,2023-11-16,107,2,3.5,0.0
137,138,1002,2023-10-12,103,3,1.2,20.0
138,139,1184,2023-08-23,108,4,3.0,30.0
139,140,1164,2023-01-09,108,3,3.0,0.0
140,141,1115,2023-01-06,108,3,3.0,10.0
141,142,1160,2023-08-18,102,3,2.8,30.0
142,143,1188,2023-07-05,102,4,2.8,30.0
143,144,1147,2023-11-13,106,3,4.5,20.0
144,145,1113,2023-07-09,107,2,3.5,10.0
145,146,1060,2023-02-05,108,2,3.0,30.0
146,147,1110,2023-01-20,103,5,1.2,30.0
147,148,1081,2023-05-26,109,4,0.5,10.0
148,149,1130,2023-11-15,106,4,4.5,30.0
149,150,1025,2023-07-19,108,2,3.0,0.0
150,151,1006,2023-07-23,106,4,4.5,0.0
151,152,1022,2023-07-02,106,2,4.5,30.0
152,153,1148,2023-04-19,109,3,0.5,30.0
153,154,1133,2023-05-26,104,2,4.5,20.0
154,155,1129,2023-07-03,105,1,4.0,20.0
155,156,1186,2023-04-30,104,4,4.5,10.0
156,157,1105,2023-11-06,105,4,4.0,0.0
157,158,1100,2023-08-29,102,3,2.8,0.0
158,159,1026,2023-04-21,109,4,0.5,20.0
159,160,1195,2023-06-01,106,4,4.5,20.0
160,161,1159,2023-08-20,101,1,2.5,30.0
161,162,1066,2023-11-27,102,1,2.8,0.0
162,163,1074,2023-04-17,107,4,3.5,20.0
163,164,1127,2023-04-03,103,3,1.2,10.0
164,165,1161,2023-03-07,107,5,3.5,0.0
165,166,1197,2023-05-19,101,3,2.5,0.0
166,167,1060,2023-05-08,101,3,2.5,10.0
167,168,1120,2023-12-02,102,3,2.8,10.0
168,169,1008,2023-10-17,110,4,15.0,0.0
169,170,1081,2023-09-10,103,1,1.2,10.0
170,171,1181,2023-07-28,105,4,4.0,20.0
171,172,1003,2023-05-12,101,1,2.5,30.0
172,173,1024,2023-01-09,104,5,4.5,20.0
173,174,1007,2023-05-18,101,1,2.5,10.0
174,175,1078,2023-12-10,110,3,15.0,30.0
175,176,1031,2023-08-23,107,2,3.5,10.0
176,177,1092,2023-03-18,102,2,2.8,30.0
177,178,1151,2023-03-29,102,2,2.8,0.0
178,179,1136,2023-11-17,104,4,4.5,0.0
179,180,1153,2023-11-17,105,2,4.0,30.0
180,181,1122,2023-03-21,105,3,4.0,20.0
181,182,1065,2023-05-07,107,5,3.5,10.0
182,183,1031,2023-08-01,105,5,4.0,20.0
183,184,1152,2023-08-23,108,3,3.0,10.0
184,185,1120,2023-09-10,105,2,4.0,0.0
185,186,1111,2023-05-04,102,1,2.8,0.0
186,187,1164,2023-01-22,103,2,1.2,0.0
187,188,1072,2023-01-08,102,5,2.8,10.0
188,189,1193,2023-02-23,109,5,0.5,30.0
189,190,1134,2023-06-06,108,1,3.0,10.0
190,191,1114,2023-03-23,101,2,2.5,10.0
191,192,1129,2023-11-26,107,1,3.5,30.0
192,193,1156,2023-07-02,103,2,1.2,0.0
193,194,1032,2023-01-01,103,2,1.2,30.0
194,195,1127,2023-01-06,104,5,4.5,30.0
195,196,1061,2023-10-31,102,5,2.8,20.0
196,197,1056,2023-12-08,110,3,15.0,0.0
197,198,1020,2023-04-01,109,5,0.5,30.0
198,199,1036,2023-08-23,105,1,4.0,10.0
199,200,1131,2023-08-25,106,3,4.5,0.0
200,201,1139,2023-03-16,106,1,4.5,0.0
201,202,1042,2023-12-24,103,2,1.2,20.0
202,203,1021,2023-07-09,110,3,15.0,30.0
203,204,1174,2023-06-20,101,4,2.5,0.0
204,205,1020,2023-11-07,107,4,3.5,0.0
205,206,1091,2023-03-06,109,3,0.5,10.0
206,207,1158,2023-04-04,104,3,4.5,0.0
207,208,1192,2023-03-13,101,2,2.5,20.0
208,209,1193,2023-08-15,101,5,2.5,30.0
209,210,1036,2023-08-02,104,1,4.5,0.0
210,211,1036,2023-02-13,106,1,4.5,0.0
211,212,1112,2023-04-14,110,3,15.0,0.0
212,213,1073,2023-04-28,110,5,15.0,0.0
213,214,1095,2023-11-14,108,4,3.0,30.0
214,215,1132,2023-12-26,105,1,4.0,0.0
215,216,1059,2023-09-27,103,2,1.2,20.0
216,217,1200,2023-09-22,105,5,4.0,10.0
217,218,1087,2023-06-30,108,2,3.0,30.0
218,219,1046,2023-05-02,110,2,15.0,30.0
219,220,1007,2023-11-07,107,5,3.5,0.0
220,221,1073,2023-07-29,105,2,4.0,20.0
221,222,1170,2023-02-12,102,2,2.8,10.0
222,223,1160,2023-11-14,110,2,15.0,20.0
223,224,1039,2023-11-03,105,5,4.0,0.0
224,225,1051,2023-10-20,101,4,2.5,0.0
225,226,1126,2023-05-28,106,2,4.5,0.0
226,227,1138,2023-11-18,104,3,4.5,30.0
227,228,1197,2023-06-09,104,3,4.5,0.0
228,229,1065,2023-08-31,103,4,1.2,30.0
229,230,1071,2023-10-29,103,2,1.2,20.0
230,231,1003,2023-11-13,102,3,2.8,0.0
231,232,1185,2023-07-06,101,5,2.5,0.0
232,233,1084,2023-07-03,105,4,4.0,0.0
233,234,1119,2023-09-12,110,1,15.0,30.0
234,235,1198,2023-11-22,107,3,3.5,20.0
235,236,1056,2023-05-06,107,2,3.5,0.0
236,237,1121,2023-04-28,105,3,4.0,30.0
237,238,1145,2023-12-24,109,2,0.5,10.0
238,239,1069,2023-08-20,108,5,3.0,30.0
239,240,1199,2023-11-08,105,2,4.0,0.0
240,241,1081,2023-12-05,107,4,3.5,0.0
241,242,1073,2023-03-20,108,1,3.0,20.0
242,243,1055,2023-01-08,106,1,4.5,30.0
243,244,1108,2023-01-07,110,2,15.0,10.0
244,245,1137,2023-10-23,109,1,0.5,30.0
245,246,1026,2023-05-28,104,5,4.5,10.0
246,247,1051,2023-07-12,106,2,4.5,20.0
247,248,1176,2023-11-27,104,5,4.5,0.0
248,249,1072,2023-10-22,103,5,1.2,10.0
249,250,1111,2023-02-01,107,5,3.5,20.0
250,251,1072,2023-07-25,104,5,4.5,10.0
251,252,1151,2023-06-08,101,3,2.5,0.0
252,253,1114,2023-03-16,102,2,2.8,0.0
253,254,1193,2023-04-06,110,5,15.0,30.0
254,255,1098,2023-08-21,104,3,4.5,20.0
255,256,1132,2023-09-20,102,5,2.8,0.0
256,257,1192,2023-10-31,107,5,3.5,10.0
257,258,1034,2023-04-03,109,3,0.5,0.0
258,259,1040,2023-10-23,101,3,2.5,0.0
259,260,1126,2023-09-08,107,3,3.5,0.0
260,261,1003,2023-01-30,102,1,2.8,30.0
261,262,1135,2023-12-25,110,3,15.0,0.0
262,263,1104,2023-05-13,103,3,1.2,30.0
263,264,1090,2023-09-12,109,3,0.5,0.0
264,265,1050,2023-02-16,101,2,2.5,30.0
265,266,1033,2023-02-26,104,2,4.5,20.0
266,267,1057,2023-12-08,102,4,2.8,0.0
267,268,1054,2023-01-31,110,5,15.0,0.0
268,269,1072,2023-03-10,107,1,3.5,10.0
269,270,1019,2023-09-30,103,1,1.2,20.0
270,271,1187,2023-04-24,106,1,4.5,0.0
271,272,1040,2023-07-14,101,4,2.5,20.0
272,273,1130,2023-08-04,106,5,4.5,30.0
273,274,1191,2023-11-20,101,2,2.5,30.0
274,275,1120,2023-11-23,110,5,15.0,0.0
275,276,1178,2023-08-21,102,2,2.8,20.0
276,277,1081,2023-05-28,102,5,2.8,10.0
277,278,1175,2023-09-25,110,5,15.0,10.0
278,279,1112,2023-01-03,107,4,3.5,0.0
279,280,1153,2023-07-11,106,3,4.5,20.0
280,281,1041,2023-09-06,103,2,1.2,30.0
281,282,1070,2023-01-03,105,3,4.0,0.0
282,283,1082,2023-05-05,108,3,3.0,30.0
283,284,1088,2023-11-20,102,2,2.8,10.0
284,285,1115,2023-12-22,103,1,1.2,0.0
285,286,1093,2023-08-24,109,3,0.5,0.0
286,287,1192,2023-10-11,102,2,2.8,0.0
287,288,1144,2023-03-30,110,4,15.0,10.0
288,289,1102,2023-01-05,109,4,0.5,0.0
289,290,1194,2023-04-20,107,3,3.5,0.0
290,291,1099,2023-02-04,101,5,2.5,20.0
291,292,1092,2023-11-06,101,1,2.5,10.0
292,293,1068,2023-07-31,107,5,3.5,20.0
293,294,1156,2023-11-18,109,4,0.5,30.0
294,295,1092,2023-03-13,105,3,4.0,0.0
295,296,1051,2023-06-12,106,4,4.5,10.0
296,297,1019,2023-06-01,107,5,3.5,20.0
297,298,1087,2023-08-28,107,5,3.5,0.0
298,299,1198,2023-03-29,110,2,15.0,0.0
299,300,1091,2023-04-25,105,3,4.0,0.0
300,301,1118,2023-10-22,104,5,4.5,30.0
301,302,1181,2023-01-13,106,4,4.5,30.0
302,303,1197,2023-02-04,108,1,3.0,20.0
303,304,1141,2023-06-12,101,5,2.5,20.0
304,305,1152,2023-04-23,104,5,4.5,0.0
305,306,1093,2023-02-18,109,2,0.5,10.0
306,307,1034,2023-05-12,106,3,4.5,30.0
307,308,1083,2023-06-10,106,4,4.5,0.0
308,309,1005,2023-03-22,106,1,4.5,10.0
309,310,1173,2023-12-24,109,4,0.5,10.0
310,311,1047,2023-05-13,103,1,1.2,30.0
311,312,1116,2023-11-06,110,5,15.0,30.0
312,313,1059,2023-05-31,105,4,4.0,10.0
313,314,1037,2023-12-15,105,1,4.0,0.0
314,315,1075,2023-10-04,105,1,4.0,10.0
315,316,1151,2023-10-17,102,1,2.8,30.0
316,317,1050,2023-02-15,103,4,1.2,0.0
317,318,1106,2023-09-23,107,4,3.5,0.0
318,319,1158,2023-11-28,106,5,4.5,10.0
319,320,1028,2023-05-08,103,4,1.2,10.0
320,321,1169,2023-07-04,104,3,4.5,30.0
321,322,1039,2023-04-16,108,4,3.0,30.0
322,323,1096,2023-05-18,106,1,4.5,10.0
323,324,1162,2023-02-19,107,3,3.5,0.0
324,325,1085,2023-02-05,103,3,1.2,20.0
325,326,1133,2023-11-14,105,2,4.0,20.0
326,327,1128,2023-03-21,105,1,4.0,30.0
327,328,1123,2023-12-20,105,2,4.0,10.0
328,329,1093,2023-11-07,104,5,4.5,30.0
329,330,1167,2023-02-25,108,2,3.0,10.0
330,331,1152,2023-02-03,101,4,2.5,20.0
331,332,1092,2023-04-13,102,1,2.8,20.0
332,333,1160,2023-11-22,105,3,4.0,20.0
333,334,1008,2023-08-21,105,3,4.0,0.0
334,335,1140,2023-12-29,107,2,3.5,20.0
335,336,1194,2023-01-16,103,3,1.2,30.0
336,337,1094,2023-12-22,102,1,2.8,10.0
337,338,1032,2023-09-21,107,1,3.5,0.0
338,339,1081,2023-11-13,107,2,3.5,20.0
339,340,1006,2023-01-11,110,3,15.0,20.0
340,341,1110,2023-07-28,109,4,0.5,0.0
341,342,1178,2023-06-29,110,4,15.0,0.0
342,343,1019,2023-11-26,104,5,4.5,20.0
343,344,1042,2023-05-01,104,4,4.5,30.0
344,345,1068,2023-02-21,102,4,2.8,0.0
345,346,1111,2023-06-16,108,4,3.0,20.0
346,347,1047,2023-08-12,104,3,4.5,20.0
347,348,1043,2023-03-11,105,2,4.0,0.0
348,349,1011,2023-04-07,102,1,2.8,30.0
349,350,1017,2023-11-15,104,4,4.5,10.0
350,351,1067,2023-08-21,103,3,1.2,30.0
351,352,1175,2023-01-08,106,3,4.5,0.0
352,353,1044,2023-06-17,102,5,2.8,20.0
353,354,1137,2024-01-01,103,1,1.2,10.0
354,355,1151,2023-08-14,101,1,2.5,10.0
355,356,1089,2023-05-27,105,5,4.0,0.0
356,357,1040,2023-12-23,102,3,2.8,20.0
357,358,1058,2023-04-04,104,1,4.5,30.0
358,359,1105,2023-02-09,106,4,4.5,20.0
359,360,1001,2023-07-21,102,3,2.8,20.0
360,361,1052,2023-12-29,106,1,4.5,20.0
361,362,1194,2023-10-06,102,5,2.8,30.0
362,363,1041,2023-09-07,103,1,1.2,20.0
363,364,1186,2023-04-19,107,1,3.5,20.0
364,365,1041,2023-04-17,108,5,3.0,20.0
365,366,1106,2023-05-21,105,5,4.0,0.0
366,367,1060,2023-05-22,105,5,4.0,20.0
367,368,1130,2023-03-02,102,4,2.8,10.0
368,369,1108,2023-01-07,109,5,0.5,0.0
369,370,1109,2023-12-26,107,4,3.5,20.0
370,371,1081,2023-04-06,108,1,3.0,10.0
371,372,1049,2023-07-09,109,4,0.5,30.0
372,373,1197,2023-05-02,105,4,4.0,20.0
373,374,1024,2023-12-20,103,2,1.2,30.0
374,375,1139,2023-04-02,104,4,4.5,30.0
375,376,1086,2023-04-02,101,4,2.5,10.0
376,377,1089,2023-06-23,105,1,4.0,20.0
377,378,1114,2023-07-07,102,1,2.8,30.0
378,379,1145,2023-08-05,103,4,1.2,30.0
379,380,1004,2023-12-24,101,5,2.5,30.0
380,381,1154,2023-06-01,108,1,3.0,10.0
381,382,1089,2023-01-26,104,3,4.5,30.0
382,383,1120,2023-05-22,108,2,3.0,20.0
383,384,1047,2023-07-30,109,4,0.5,0.0
384,385,1101,2023-10-02,102,4,2.8,10.0
385,386,1013,2023-03-12,101,3,2.5,30.0
386,387,1147,2023-09-23,101,5,2.5,0.0
387,388,1065,2023-04-25,102,3,2.8,20.0
388,389,1029,2023-10-29,101,5,2.5,10.0
389,390,1177,2023-12-02,105,4,4.0,20.0
390,391,1035,2023-11-24,108,1,3.0,20.0
391,392,1146,2023-03-19,106,2,4.5,10.0
392,393,1041,2023-06-22,103,5,1.2,20.0
393,394,1153,2023-10-20,108,5,3.0,20.0
394,395,1004,2023-04-12,104,2,4.5,0.0
395,396,1002,2023-10-20,102,5,2.8,0.0
396,397,1081,2023-01-31,103,1,1.2,30.0
397,398,1042,2023-08-20,110,2,15.0,20.0
398,399,1116,2023-01-28,106,3,4.5,10.0
399,400,1038,2023-08-27,102,3,2.8,10.0
400,401,1079,2023-10-17,101,5,2.5,30.0
401,402,1007,2023-09-30,108,3,3.0,30.0
402,403,1092,2023-12-30,103,4,1.2,30.0
403,404,1120,2023-11-07,102,1,2.8,0.0
404,405,1162,2023-07-07,108,2,3.0,10.0
405,406,1011,2023-02-05,109,3,0.5,30.0
406,407,1045,2023-05-01,101,1,2.5,0.0
407,408,1030,2023-10-25,109,4,0.5,30.0
408,409,1112,2023-11-22,110,5,15.0,0.0
409,410,1052,2023-09-27,103,4,1.2,10.0
410,411,1129,2023-09-30,105,5,4.0,10.0
411,412,1092,2023-07-10,104,1,4.5,10.0
412,413,1134,2023-11-18,110,1,15.0,30.0
413,414,1002,2023-04-01,105,3,4.0,30.0
414,415,1196,2023-04-23,104,2,4.5,10.0
415,416,1134,2023-12-21,107,4,3.5,30.0
416,417,1092,2023-07-15,103,1,1.2,0.0
417,418,1051,2023-06-18,110,1,15.0,20.0
418,419,1194,2023-12-12,106,2,4.5,10.0
419,420,1198,2023-09-21,103,3,1.2,0.0
420,421,1055,2023-01-15,108,2,3.0,10.0
421,422,1124,2023-04-18,107,5,3.5,10.0
422,423,1133,2023-01-26,106,5,4.5,0.0
423,424,1096,2023-10-02,106,2,4.5,30.0
424,425,1089,2023-02-19,106,2,4.5,30.0
425,426,1091,2023-01-20,102,5,2.8,30.0
426,427,1099,2023-03-23,109,4,0.5,20.0
427,428,1187,2023-03-25,104,3,4.5,0.0
428,429,1042,2023-01-14,103,2,1.2,30.0
429,430,1173,2023-02-12,102,1,2.8,0.0
430,431,1198,2023-05-08,107,5,3.5,30.0
431,432,1119,2023-02-21,101,4,2.5,20.0
432,433,1092,2023-11-24,101,1,2.5,30.0
433,434,1182,2023-01-16,110,4,15.0,10.0
434,435,1160,2023-02-10,110,5,15.0,20.0
435,436,1134,2023-08-07,108,2,3.0,0.0
436,437,1152,2023-08-16,104,5,4.5,30.0
437,438,1111,2023-12-16,102,3,2.8,0.0
438,439,1147,2023-02-08,109,3,0.5,20.0
439,440,1125,2023-02-16,109,5,0.5,20.0
440,441,1150,2023-12-12,110,5,15.0,10.0
441,442,1012,2023-05-06,103,5,1.2,10.0
442,443,1185,2023-05-22,107,3,3.5,0.0
443,444,1200,2023-09-09,101,1,2.5,10.0
444,445,1069,2023-06-13,101,1,2.5,10.0
445,446,1059,2023-02-02,101,5,2.5,10.0
446,447,1127,2023-04-25,110,2,15.0,30.0
447,448,1175,2023-11-22,106,3,4.5,30.0
448,449,1107,2023-11-02,104,3,4.5,0.0
449,450,1037,2023-12-22,107,2,3.5,0.0
450,451,1086,2023-08-21,108,4,3.0,30.0
451,452,1047,2023-01-05,110,3,15.0,30.0
452,453,1174,2023-08-15,104,5,4.5,0.0
453,454,1102,2023-04-30,108,1,3.0,0.0
454,455,1168,2023-01-26,106,3,4.5,10.0
455,456,1064,2023-03-05,106,1,4.5,0.0
456,457,1131,2023-01-20,102,2,2.8,30.0
457,458,1081,2023-04-07,102,3,2.8,20.0
458,459,1191,2023-05-12,103,4,1.2,20.0
459,460,1192,2023-02-15,110,2,15.0,0.0
460,461,1059,2023-09-05,103,4,1.2,0.0
461,462,1075,2023-04-20,110,4,15.0,20.0
462,463,1015,2023-07-23,101,3,2.5,20.0
463,464,1175,2023-10-12,108,1,3.0,20.0
464,465,1012,2023-07-25,107,4,3.5,0.0
465,466,1060,2023-07-26,101,5,2.5,20.0
466,467,1055,2023-05-25,101,1,2.5,20.0
467,468,1066,2023-12-24,101,4,2.5,30.0
468,469,1124,2023-01-24,110,1,15.0,0.0
469,470,1026,2023-09-20,105,1,4.0,0.0
470,471,1055,2023-02-03,101,4,2.5,0.0
471,472,1066,2023-03-09,105,2,4.0,0.0
472,473,1097,2023-07-28,108,5,3.0,20.0
473,474,1089,2023-02-08,109,2,0.5,20.0
474,475,1034,2023-02-22,108,5,3.0,20.0
475,476,1028,2023-07-09,103,2,1.2,0.0
476,477,1128,2023-11-13,107,2,3.5,30.0
477,478,1173,2023-05-21,107,2,3.5,20.0
478,479,1153,2023-02-21,104,4,4.5,0.0
479,480,1015,2023-10-08,108,4,3.0,20.0
480,481,1013,2023-07-18,104,4,4.5,0.0
481,482,1038,2023-02-17,106,4,4.5,20.0
482,483,1012,2023-07-27,104,5,4.5,30.0
483,484,1076,2023-06-04,104,1,4.5,20.0
484,485,1019,2023-08-08,102,4,2.8,30.0
485,486,1130,2023-11-10,108,4,3.0,20.0
486,487,1133,2023-11-24,106,4,4.5,10.0
487,488,1094,2023-11-25,103,1,1.2,30.0
488,489,1191,2023-06-26,105,5,4.0,0.0
489,490,1113,2023-03-23,105,2,4.0,30.0
490,491,1194,2023-01-02,101,5,2.5,10.0
491,492,1133,2023-04-26,110,5,15.0,20.0
492,493,1075,2023-05-20,102,1,2.8,0.0
493,494,1092,2023-07-08,109,2,0.5,0.0
494,495,1158,2023-01-21,108,5,3.0,0.0
495,496,1194,2023-01-05,104,2,4.5,20.0
496,497,1072,2023-07-13,106,1,4.5,0.0
497,498,1061,2023-05-12,101,1,2.5,0.0
498,499,1028,2023-10-22,101,4,2.5,20.0
499,500,1165,2023-04-30,107,4,3.5,30.0
500,501,1128,2023-11-30,109,4,0.5,0.0
501,502,1059,2023-08-20,107,4,3.5,20.0
502,503,1036,2023-01-24,107,2,3.5,30.0
503,504,1097,2023-10-27,106,1,4.5,30.0
504,505,1173,2023-05-27,110,5,15.0,20.0
505,506,1161,2023-01-25,107,5,3.5,20.0
506,507,1009,2023-07-26,110,2,15.0,20.0
507,508,1188,2023-11-13,108,3,3.0,10.0
508,509,1134,2023-05-14,110,5,15.0,10.0
509,510,1091,2023-06-03,105,5,4.0,20.0
510,511,1044,2023-10-12,105,4,4.0,10.0
511,512,1116,2023-04-26,105,4,4.0,30.0
512,513,1059,2023-11-26,105,5,4.0,0.0
513,514,1071,2023-04-01,110,4,15.0,10.0
514,515,1102,2023-11-11,108,5,3.0,10.0
515,516,1154,2023-11-22,102,5,2.8,0.0
516,517,1084,2023-05-01,109,2,0.5,20.0
517,518,1158,2023-11-11,107,5,3.5,0.0
518,519,1031,2023-11-24,106,2,4.5,0.0
519,520,1091,2023-07-07,105,3,4.0,0.0
520,521,1060,2023-03-06,110,2,15.0,0.0
521,522,1127,2023-01-06,103,4,1.2,0.0
522,523,1078,2023-12-22,104,3,4.5,20.0
523,524,1126,2023-01-22,104,5,4.5,0.0
524,525,1068,2023-08-11,107,2,3.5,0.0
525,526,1031,2023-02-09,105,3,4.0,0.0
526,527,1109,2023-07-03,104,1,4.5,30.0
527,528,1087,2023-07-30,105,2,4.0,0.0
528,529,1056,2023-03-16,104,1,4.5,30.0
529,530,1015,2023-01-23,101,3,2.5,0.0
530,531,1083,2023-08-22,108,2,3.0,10.0
531,532,1200,2023-02-11,107,1,3.5,0.0
532,533,1002,2023-10-01,109,4,0.5,10.0
533,534,1185,2023-06-11,107,1,3.5,10.0
534,535,1051,2023-02-09,104,3,4.5,30.0
535,536,1078,2023-09-27,104,3,4.5,10.0
536,537,1180,2023-04-11,105,4,4.0,10.0
537,538,1122,2023-04-13,106,3,4.5,30.0
538,539,1165,2023-01-28,106,1,4.5,30.0
539,540,1126,2023-06-10,107,2,3.5,0.0
540,541,1192,2023-12-29,102,3,2.8,30.0
541,542,1047,2023-04-21,107,1,3.5,20.0
542,543,1072,2023-07-24,101,1,2.5,0.0
543,544,1022,2023-10-13,107,5,3.5,20.0
544,545,1191,2023-01-27,108,5,3.0,10.0
545,546,1141,2023-10-27,109,1,0.5,20.0
546,547,1164,2023-01-04,103,5,1.2,10.0
547,548,1077,2023-07-13,107,4,3.5,30.0
548,549,1163,2023-11-30,104,3,4.5,30.0
549,550,1051,2023-09-09,104,5,4.5,0.0
550,551,1173,2023-03-06,107,3,3.5,30.0
551,552,1044,2023-07-01,106,4,4.5,20.0
552,553,1144,2023-04-29,110,4,15.0,10.0
553,554,1154,2023-01-31,103,4,1.2,30.0
554,555,1076,2023-09-23,103,2,1.2,0.0
555,556,1051,2023-04-13,108,4,3.0,20.0
556,557,1178,2023-12-09,105,5,4.0,0.0
557,558,1037,2023-01-18,102,5,2.8,20.0
558,559,1071,2023-08-27,107,3,3.5,30.0
559,560,1157,2023-02-20,106,4,4.5,10.0
560,561,1009,2023-12-27,102,1,2.8,20.0
561,562,1200,2023-10-04,110,3,15.0,20.0
562,563,1185,2023-12-27,105,2,4.0,30.0
563,564,1063,2023-03-17,104,4,4.5,10.0
564,565,1101,2023-11-01,109,3,0.5,0.0
565,566,1151,2023-02-04,106,1,4.5,20.0
566,567,1144,2023-11-15,110,3,15.0,20.0
567,568,1160,2023-09-13,108,4,3.0,10.0
568,569,1063,2023-09-22,103,5,1.2,0.0
569,570,1172,2023-02-19,107,5,3.5,30.0
570,571,1182,2023-01-01,106,1,4.5,0.0
571,572,1195,2023-03-04,103,5,1.2,30.0
572,573,1017,2023-03-10,107,3,3.5,0.0
573,574,1143,2023-10-02,107,4,3.5,20.0
574,575,1175,2023-03-13,108,5,3.0,30.0
575,576,1181,2023-01-30,110,5,15.0,0.0
576,577,1171,2023-09-28,104,5,4.5,0.0
577,578,1172,2024-01-01,110,1,15.0,30.0
578,579,1060,2023-08-03,108,1,3.0,10.0
579,580,1065,2023-05-10,107,3,3.5,20.0
580,581,1089,2024-01-01,101,3,2.5,10.0
581,582,1098,2023-01-15,103,4,1.2,20.0
582,583,1064,2023-09-11,110,1,15.0,20.0
583,584,1142,2023-10-26,109,1,0.5,30.0
584,585,1028,2023-03-19,101,3,2.5,10.0
585,586,1012,2023-02-16,104,5,4.5,10.0
586,587,1152,2023-11-29,107,4,3.5,0.0
587,588,1028,2023-01-13,101,4,2.5,10.0
588,589,1182,2023-06-17,107,3,3.5,0.0
589,590,1004,2023-06-21,105,2,4.0,0.0
590,591,1003,2023-03-13,103,5,1.2,20.0
591,592,1036,2023-03-07,106,5,4.5,0.0
592,593,1186,2023-05-30,101,5,2.5,30.0
593,594,1102,2023-03-22,103,3,1.2,30.0
594,595,1015,2023-03-03,109,2,0.5,10.0
595,596,1191,2023-01-04,108,3,3.0,20.0
596,597,1153,2023-01-29,101,2,2.5,0.0
597,598,1126,2023-07-31,103,1,1.2,0.0
598,599,1004,2023-05-25,102,4,2.8,0.0
599,600,1122,2023-08-19,102,3,2.8,20.0
600,601,1108,2023-06-16,106,2,4.5,10.0
601,602,1025,2023-04-21,107,4,3.5,20.0
602,603,1146,2023-02-15,102,3,2.8,10.0
603,604,1124,2023-12-20,105,2,4.0,0.0
604,605,1154,2023-01-29,102,4,2.8,10.0
605,606,1118,2023-10-05,108,3,3.0,10.0
606,607,1003,2023-09-22,106,3,4.5,30.0
607,608,1182,2023-09-05,104,1,4.5,0.0
608,609,1150,2023-02-22,109,5,0.5,0.0
609,610,1175,2023-09-14,102,2,2.8,0.0
610,611,1198,2023-06-10,107,5,3.5,30.0
611,612,1128,2023-08-23,108,4,3.0,30.0
612,613,1182,2023-02-17,107,3,3.5,0.0
613,614,1084,2023-12-05,110,1,15.0,0.0
614,615,1168,2023-12-06,105,1,4.0,30.0
615,616,1103,2023-05-19,103,1,1.2,20.0
616,617,1176,2024-01-01,110,4,15.0,10.0
617,618,1068,2023-01-26,102,1,2.8,0.0
618,619,1110,2023-08-25,101,1,2.5,0.0
619,620,1096,2023-09-05,106,3,4.5,0.0
620,621,1061,2023-12-20,102,4,2.8,30.0
621,622,1196,2023-07-23,110,2,15.0,30.0
622,623,1132,2023-07-03,109,4,0.5,20.0
623,624,1015,2023-02-20,109,3,0.5,10.0
624,625,1039,2023-04-13,104,1,4.5,30.0
625,626,1134,2023-09-28,101,1,2.5,0.0
626,627,1142,2023-04-14,103,5,1.2,10.0
627,628,1033,2023-10-18,102,2,2.8,0.0
628,629,1054,2023-11-06,101,2,2.5,30.0
629,630,1056,2023-03-21,108,4,3.0,10.0
630,631,1102,2023-10-02,101,4,2.5,20.0
631,632,1121,2023-03-25,106,5,4.5,30.0
632,633,1188,2023-10-18,106,3,4.5,20.0
633,634,1060,2023-12-03,103,2,1.2,30.0
634,635,1011,2023-10-07,102,3,2.8,0.0
635,636,1033,2023-05-01,110,5,15.0,20.0
636,637,1149,2023-02-18,102,4,2.8,10.0
637,638,1038,2023-06-23,101,2,2.5,20.0
638,639,1184,2023-12-13,109,4,0.5,0.0
639,640,1052,2023-02-10,107,4,3.5,30.0
640,641,1177,2023-04-20,102,2,2.8,10.0
641,642,1014,2023-03-22,107,5,3.5,30.0
642,643,1023,2023-05-04,104,1,4.5,0.0
643,644,1128,2023-12-22,103,5,1.2,20.0
644,645,1013,2023-09-23,103,5,1.2,10.0
645,646,1060,2023-03-01,103,5,1.2,30.0
646,647,1036,2023-08-25,105,1,4.0,20.0
647,648,1186,2023-11-23,102,2,2.8,10.0
648,649,1117,2023-09-04,110,1,15.0,0.0
649,650,1197,2023-03-08,105,3,4.0,10.0
650,651,1007,2023-10-31,107,2,3.5,30.0
651,652,1102,2023-06-22,105,4,4.0,30.0
652,653,1065,2023-05-31,103,5,1.2,10.0
653,654,1034,2023-09-24,104,5,4.5,30.0
654,655,1165,2023-08-13,103,5,1.2,10.0
655,656,1007,2023-10-12,104,1,4.5,0.0
656,657,1042,2023-08-31,105,4,4.0,10.0
657,658,1050,2023-06-27,109,2,0.5,0.0
658,659,1031,2023-03-01,107,2,3.5,20.0
659,660,1109,2023-09-20,110,3,15.0,10.0
660,661,1002,2023-03-06,106,3,4.5,30.0
661,662,1170,2023-09-26,110,4,15.0,0.0
662,663,1010,2023-04-05,105,2,4.0,0.0
663,664,1072,2023-11-21,110,5,15.0,0.0
664,665,1036,2023-04-27,106,1,4.5,30.0
665,666,1162,2023-01-16,110,5,15.0,0.0
666,667,1097,2023-08-27,108,5,3.0,30.0
667,668,1136,2023-11-17,101,5,2.5,20.0
668,669,1120,2023-07-25,105,3,4.0,10.0
669,670,1001,2023-08-20,107,4,3.5,0.0
670,671,1095,2023-04-09,106,3,4.5,20.0
671,672,1152,2023-06-25,109,4,0.5,0.0
672,673,1063,2023-07-04,109,1,0.5,0.0
673,674,1001,2023-07-23,104,3,4.5,10.0
674,675,1197,2023-07-10,109,1,0.5,30.0
675,676,1029,2023-12-12,106,5,4.5,30.0
676,677,1006,2023-08-24,109,4,0.5,0.0
677,678,1146,2023-12-25,110,3,15.0,0.0
678,679,1080,2023-02-03,108,1,3.0,30.0
679,680,1018,2023-02-27,109,3,0.5,0.0
680,681,1102,2023-07-11,109,2,0.5,0.0
681,682,1174,2023-09-25,109,5,0.5,10.0
682,683,1125,2023-02-13,103,5,1.2,30.0
683,684,1061,2023-01-22,103,1,1.2,20.0
684,685,1162,2023-07-17,101,3,2.5,0.0
685,686,1126,2023-01-18,108,4,3.0,10.0
686,687,1053,2023-12-10,104,3,4.5,30.0
687,688,1094,2023-06-02,104,1,4.5,20.0
688,689,1125,2023-09-12,109,5,0.5,10.0
689,690,1013,2023-03-16,110,5,15.0,30.0
690,691,1189,2023-04-21,109,3,0.5,0.0
691,692,1168,2023-03-09,110,5,15.0,30.0
692,693,1135,2023-06-24,103,5,1.2,10.0
693,694,1097,2023-09-21,109,5,0.5,10.0
694,695,1170,2023-09-30,107,5,3.5,10.0
695,696,1120,2023-05-10,101,4,2.5,0.0
696,697,1100,2023-06-02,110,5,15.0,10.0
697,698,1101,2023-09-19,101,1,2.5,0.0
698,699,1190,2023-07-11,109,1,0.5,0.0
699,700,1200,2023-07-22,103,1,1.2,10.0
700,701,1159,2023-01-23,103,2,1.2,30.0
701,702,1153,2023-06-20,108,1,3.0,0.0
702,703,1178,2023-08-20,107,4,3.5,30.0
703,704,1095,2023-06-14,103,3,1.2,0.0
704,705,1100,2023-10-13,106,5,4.5,20.0
705,706,1059,2023-02-05,109,2,0.5,0.0
706,707,1040,2023-05-17,106,3,4.5,10.0
707,708,1122,2023-11-19,108,3,3.0,0.0
708,709,1134,2023-02-17,109,1,0.5,10.0
709,710,1122,2023-04-03,103,3,1.2,30.0
710,711,1195,2023-12-03,106,2,4.5,0.0
711,712,1167,2023-01-19,107,3,3.5,0.0
712,713,1019,2023-04-09,109,2,0.5,0.0
713,714,1069,2023-03-06,106,3,4.5,10.0
714,715,1151,2023-11-03,102,5,2.8,20.0
715,716,1161,2023-04-30,102,2,2.8,30.0
716,717,1088,2023-08-18,106,1,4.5,0.0
717,718,1022,2023-09-18,108,1,3.0,0.0
718,719,1154,2023-11-22,109,3,0.5,30.0
719,720,1072,2023-02-19,101,2,2.5,20.0
720,721,1037,2023-12-14,110,2,15.0,10.0
721,722,1125,2023-09-10,110,3,15.0,20.0
722,723,1016,2023-09-10,101,5,2.5,30.0
723,724,1013,2023-06-04,106,5,4.5,30.0
724,725,1161,2023-04-18,104,2,4.5,10.0
725,726,1086,2023-01-27,109,5,0.5,0.0
726,727,1124,2023-10-09,106,1,4.5,10.0
727,728,1148,2023-07-19,104,5,4.5,30.0
728,729,1153,2023-12-03,103,3,1.2,20.0
729,730,1083,2023-03-03,108,5,3.0,0.0
730,731,1126,2023-06-24,105,2,4.0,0.0
731,732,1170,2023-04-13,103,2,1.2,0.0
732,733,1183,2023-06-15,106,2,4.5,10.0
733,734,1054,2023-02-02,105,3,4.0,10.0
734,735,1143,2023-02-06,105,5,4.0,30.0
735,736,1030,2023-03-18,109,5,0.5,30.0
736,737,1086,2023-10-18,107,4,3.5,20.0
737,738,1134,2023-08-17,101,5,2.5,0.0
738,739,1007,2023-08-28,104,3,4.5,0.0
739,740,1012,2023-05-02,109,4,0.5,30.0
740,741,1038,2023-06-30,109,2,0.5,20.0
741,742,1031,2023-11-02,109,5,0.5,30.0
742,743,1078,2023-05-29,102,2,2.8,0.0
743,744,1184,2023-09-04,110,2,15.0,10.0
744,745,1122,2023-10-05,104,1,4.5,20.0
745,746,1041,2023-05-18,109,1,0.5,10.0
746,747,1117,2023-07-28,105,3,4.0,30.0
747,748,1001,2023-11-06,101,4,2.5,20.0
748,749,1042,2023-08-31,107,5,3.5,10.0
749,750,1168,2023-01-06,101,5,2.5,10.0
750,751,1108,2023-10-10,104,4,4.5,0.0
751,752,1096,2023-08-15,107,2,3.5,20.0
752,753,1114,2023-12-31,106,2,4.5,20.0
753,754,1041,2023-04-08,110,2,15.0,0.0
754,755,1014,2023-02-28,104,4,4.5,10.0
755,756,1145,2023-04-23,103,1,1.2,30.0
756,757,1038,2023-01-24,107,1,3.5,20.0
757,758,1075,2023-04-18,110,3,15.0,20.0
758,759,1096,2023-04-15,102,4,2.8,20.0
759,760,1003,2023-06-09,105,5,4.0,0.0
760,761,1139,2023-02-28,106,3,4.5,0.0
761,762,1172,2023-06-21,102,1,2.8,0.0
762,763,1171,2023-12-03,106,5,4.5,0.0
763,764,1111,2023-11-30,104,5,4.5,0.0
764,765,1031,2023-07-23,104,1,4.5,10.0
765,766,1086,2023-02-16,101,4,2.5,10.0
766,767,1024,2023-01-05,108,4,3.0,10.0
767,768,1145,2023-02-24,103,2,1.2,10.0
768,769,1189,2023-04-06,101,4,2.5,30.0
769,770,1115,2023-05-06,101,2,2.5,30.0
770,771,1035,2023-08-27,107,1,3.5,20.0
771,772,1023,2023-02-11,108,4,3.0,10.0
772,773,1073,2023-10-13,103,4,1.2,20.0
773,774,1054,2023-02-13,106,4,4.5,10.0
774,775,1182,2023-01-23,105,4,4.0,0.0
775,776,1156,2023-04-04,105,1,4.0,10.0
776,777,1140,2023-07-12,101,5,2.5,10.0
777,778,1042,2023-10-30,104,4,4.5,30.0
778,779,1016,2023-10-02,102,4,2.8,10.0
779,780,1041,2023-05-22,106,3,4.5,30.0
780,781,1065,2023-10-06,106,5,4.5,0.0
781,782,1006,2023-03-20,110,4,15.0,20.0
782,783,1113,2023-02-26,110,3,15.0,20.0
783,784,1101,2023-06-23,107,1,3.5,0.0
784,785,1193,2023-05-13,102,4,2.8,20.0
785,786,1067,2023-12-02,107,1,3.5,0.0
786,787,1103,2023-07-07,109,3,0.5,20.0
787,788,1059,2023-05-22,109,4,0.5,0.0
788,789,1120,2023-12-10,106,4,4.5,30.0
789,790,1149,2023-01-16,104,3,4.5,0.0
790,791,1057,2023-08-05,104,4,4.5,30.0
791,792,1122,2023-09-29,102,5,2.8,30.0
792,793,1041,2023-04-26,106,4,4.5,0.0
793,794,1047,2023-05-17,105,3,4.0,10.0
794,795,1102,2023-06-28,106,5,4.5,20.0
795,796,1006,2023-05-29,108,4,3.0,30.0
796,797,1018,2023-04-06,102,2,2.8,20.0
797,798,1113,2023-12-21,107,5,3.5,0.0
798,799,1074,2023-01-23,106,5,4.5,0.0
799,800,1102,2023-03-16,107,3,3.5,0.0
800,801,1090,2023-03-25,107,3,3.5,0.0
801,802,1097,2023-06-07,106,5,4.5,0.0
802,803,1110,2023-12-21,105,2,4.0,10.0
803,804,1140,2023-07-30,102,2,2.8,30.0
804,805,1089,2023-10-23,106,5,4.5,20.0
805,806,1064,2023-07-20,104,4,4.5,10.0
806,807,1022,2023-10-20,103,2,1.2,30.0
807,808,1074,2023-06-24,108,1,3.0,10.0
808,809,1058,2023-06-05,107,3,3.5,30.0
809,810,1155,2023-12-07,103,5,1.2,20.0
810,811,1160,2023-07-08,110,1,15.0,20.0
811,812,1128,2023-10-28,103,4,1.2,10.0
812,813,1184,2023-10-11,104,1,4.5,20.0
813,814,1002,2023-09-01,109,5,0.5,10.0
814,815,1007,2023-01-18,101,1,2.5,0.0
815,816,1097,2023-04-16,110,1,15.0,10.0
816,817,1004,2023-07-27,103,4,1.2,30.0
817,818,1021,2023-07-15,104,1,4.5,10.0
818,819,1161,2023-01-27,102,5,2.8,0.0
819,820,1107,2023-10-26,110,1,15.0,10.0
820,821,1166,2023-01-09,106,2,4.5,10.0
821,822,1187,2023-03-25,108,3,3.0,30.0
822,823,1165,2023-02-06,104,3,4.5,30.0
823,824,1087,2023-02-08,102,1,2.8,0.0
824,825,1089,2023-02-22,109,1,0.5,30.0
825,826,1100,2023-05-18,107,4,3.5,10.0
826,827,1085,2023-07-10,108,1,3.0,0.0
827,828,1084,2023-06-13,105,2,4.0,0.0
828,829,1004,2023-09-12,110,4,15.0,0.0
829,830,1175,2023-03-03,103,1,1.2,10.0
830,831,1050,2023-04-25,106,2,4.5,0.0
831,832,1040,2023-04-10,110,1,15.0,30.0
832,833,1004,2023-04-28,110,1,15.0,30.0
833,834,1043,2023-12-06,103,4,1.2,20.0
834,835,1025,2023-12-23,101,5,2.5,10.0
835,836,1110,2023-12-15,101,4,2.5,30.0
836,837,1046,2023-11-26,105,4,4.0,0.0
837,838,1192,2023-04-08,109,2,0.5,10.0
838,839,1086,2023-05-10,104,4,4.5,30.0
839,840,1045,2023-09-05,108,4,3.0,30.0
840,841,1092,2023-11-29,101,3,2.5,30.0
841,842,1177,2023-09-14,110,2,15.0,0.0
842,843,1015,2023-10-17,101,5,2.5,0.0
843,844,1195,2023-02-13,109,5,0.5,0.0
844,845,1163,2023-07-19,109,5,0.5,0.0
845,846,1175,2023-10-26,109,1,0.5,0.0
846,847,1152,2023-08-15,102,2,2.8,20.0
847,848,1161,2023-09-09,102,4,2.8,0.0
848,849,1171,2023-07-09,108,4,3.0,0.0
849,850,1151,2023-11-30,102,4,2.8,0.0
850,851,1178,2023-10-08,110,5,15.0,20.0
851,852,1166,2023-03-23,102,1,2.8,20.0
852,853,1195,2023-01-13,105,1,4.0,30.0
853,854,1133,2023-08-15,110,5,15.0,20.0
854,855,1031,2023-07-24,107,1,3.5,20.0
855,856,1054,2023-02-25,103,2,1.2,20.0
856,857,1133,2023-05-05,103,3,1.2,30.0
857,858,1026,2023-08-31,108,1,3.0,30.0
858,859,1084,2023-10-13,101,4,2.5,0.0
859,860,1186,2023-05-08,105,5,4.0,10.0
860,861,1111,2023-05-28,107,1,3.5,30.0
861,862,1150,2023-06-30,107,4,3.5,20.0
862,863,1183,2023-09-13,106,1,4.5,0.0
863,864,1032,2023-03-31,109,4,0.5,0.0
864,865,1005,2023-08-13,106,5,4.5,30.0
865,866,1156,2023-04-02,109,2,0.5,30.0
866,867,1062,2023-01-03,104,5,4.5,0.0
867,868,1040,2023-08-16,108,5,3.0,20.0
868,869,1109,2023-11-03,104,1,4.5,20.0
869,870,1182,2023-05-18,101,2,2.5,30.0
870,871,1136,2023-12-15,102,4,2.8,20.0
871,872,1174,2023-05-26,107,2,3.5,0.0
872,873,1010,2023-10-07,109,2,0.5,20.0
873,874,1069,2023-03-18,106,2,4.5,20.0
874,875,1018,2023-12-07,110,1,15.0,0.0
875,876,1151,2023-09-15,104,2,4.5,0.0
876,877,1006,2023-12-22,109,5,0.5,20.0
877,878,1177,2023-04-02,110,1,15.0,20.0
878,879,1004,2023-01-14,103,2,1.2,10.0
879,880,1058,2023-06-15,108,5,3.0,20.0
880,881,1076,2023-12-12,104,1,4.5,0.0
881,882,1010,2023-05-14,105,1,4.0,20.0
882,883,1021,2023-09-21,104,2,4.5,20.0
883,884,1079,2023-01-27,104,3,4.5,10.0
884,885,1032,2023-05-04,104,5,4.5,10.0
885,886,1072,2023-12-05,102,3,2.8,10.0
886,887,1115,2023-07-22,109,5,0.5,30.0
887,888,1138,2023-11-05,102,4,2.8,30.0
888,889,1148,2023-10-09,101,5,2.5,0.0
889,890,1188,2023-09-05,108,4,3.0,0.0
890,891,1056,2023-04-20,105,4,4.0,10.0
891,892,1114,2023-12-18,101,5,2.5,0.0
892,893,1105,2023-07-20,109,5,0.5,10.0
893,894,1083,2023-10-17,108,1,3.0,10.0
894,895,1140,2023-02-27,106,4,4.5,10.0
895,896,1178,2023-03-23,110,5,15.0,0.0
896,897,1195,2023-09-20,109,2,0.5,10.0
897,898,1068,2023-01-08,102,3,2.8,30.0
898,899,1143,2023-05-06,101,4,2.5,30.0
899,900,1192,2023-05-24,108,1,3.0,30.0
900,901,1066,2023-03-26,105,2,4.0,20.0
901,902,1004,2023-05-27,107,4,3.5,30.0
902,903,1001,2023-10-25,102,4,2.8,30.0
903,904,1115,2023-02-21,107,4,3.5,30.0
904,905,1022,2023-03-21,110,3,15.0,20.0
905,906,1036,2023-09-06,106,1,4.5,20.0
906,907,1064,2023-07-01,101,2,2.5,20.0
907,908,1196,2023-03-25,105,3,4.0,20.0
908,909,1118,2023-10-23,101,1,2.5,30.0
909,910,1154,2023-10-31,104,3,4.5,0.0
910,911,1042,2023-10-03,101,5,2.5,0.0
911,912,1013,2023-03-10,102,3,2.8,20.0
912,913,1041,2023-10-29,109,5,0.5,0.0
913,914,1117,2023-07-11,101,5,2.5,30.0
914,915,1098,2023-03-20,107,2,3.5,20.0
915,916,1143,2023-03-15,110,2,15.0,30.0
916,917,1061,2023-12-04,107,4,3.5,10.0
917,918,1095,2023-09-19,103,4,1.2,0.0
918,919,1056,2023-09-06,107,2,3.5,10.0
919,920,1044,2023-12-30,106,1,4.5,0.0
920,921,1086,2023-04-12,101,2,2.5,10.0
921,922,1120,2023-09-05,101,3,2.5,20.0
922,923,1183,2023-06-29,106,3,4.5,10.0
923,924,1180,2023-03-02,103,5,1.2,30.0
924,925,1082,2023-07-20,101,2,2.5,10.0
925,926,1136,2023-01-29,107,1,3.5,10.0
926,927,1020,2023-01-06,105,4,4.0,20.0
927,928,1159,2023-12-10,104,4,4.5,20.0
928,929,1005,2023-11-03,102,2,2.8,20.0
929,930,1134,2023-03-16,110,2,15.0,30.0
930,931,1112,2023-05-04,106,1,4.5,10.0
931,932,1051,2023-03-26,109,2,0.5,30.0
932,933,1067,2023-06-01,107,1,3.5,20.0
933,934,1019,2023-03-04,109,4,0.5,0.0
934,935,1169,2023-01-07,108,4,3.0,10.0
935,936,1099,2023-07-12,108,5,3.0,20.0
936,937,1018,2023-05-13,109,5,0.5,30.0
937,938,1128,2023-08-15,101,1,2.5,30.0
938,939,1014,2023-11-02,105,1,4.0,30.0
939,940,1178,2023-07-04,109,5,0.5,10.0
940,941,1199,2023-10-06,109,4,0.5,20.0
941,942,1101,2023-12-06,102,2,2.8,0.0
942,943,1037,2023-07-10,110,1,15.0,30.0
943,944,1116,2023-05-13,108,4,3.0,10.0
944,945,1151,2023-01-22,101,1,2.5,10.0
945,946,1184,2023-02-18,102,1,2.8,0.0
946,947,1133,2023-01-19,104,5,4.5,0.0
947,948,1103,2023-11-03,105,2,4.0,30.0
948,949,1115,2023-11-23,104,4,4.5,0.0
949,950,1005,2023-03-30,102,2,2.8,0.0
950,951,1105,2023-02-12,105,4,4.0,30.0
951,952,1118,2023-11-12,106,2,4.5,30.0
952,953,1119,2023-06-25,101,5,2.5,10.0
953,954,1033,2023-05-16,109,5,0.5,20.0
954,955,1114,2023-09-28,107,3,3.5,0.0
955,956,1010,2023-12-21,104,3,4.5,30.0
956,957,1087,2023-04-21,101,1,2.5,30.0
957,958,1192,2023-05-05,109,5,0.5,20.0
958,959,1090,2023-05-14,106,5,4.5,20.0
959,960,1196,2023-03-19,105,4,4.0,30.0
960,961,1054,2023-08-08,103,2,1.2,30.0
961,962,1052,2023-02-16,110,1,15.0,20.0
962,963,1200,2023-06-18,109,3,0.5,20.0
963,964,1143,2023-08-19,102,2,2.8,0.0
964,965,1057,2023-03-22,103,2,1.2,30.0
965,966,1081,2023-07-24,110,1,15.0,0.0
966,967,1024,2023-08-29,108,5,3.0,20.0
967,968,1059,2023-05-08,110,1,15.0,0.0
968,969,1194,2023-11-17,103,5,1.2,10.0
969,970,1143,2023-11-07,107,3,3.5,20.0
970,971,1186,2023-12-08,108,1,3.0,10.0
971,972,1011,2023-09-28,104,4,4.5,20.0
972,973,1043,2023-05-14,106,5,4.5,10.0
973,974,1066,2023-01-10,107,4,3.5,10.0
974,975,1075,2023-10-14,105,4,4.0,20.0
975,976,1116,2023-09-07,102,2,2.8,0.0
976,977,1142,2023-09-13,105,4,4.0,30.0
977,978,1160,2023-03-12,104,2,4.5,20.0
978,979,1137,2023-01-11,105,3,4.0,10.0
979,980,1050,2023-05-15,104,2,4.5,20.0
980,981,1128,2023-03-03,102,4,2.8,0.0
981,982,1090,2023-10-04,110,5,15.0,20.0
982,983,1026,2023-06-16,103,5,1.2,30.0
983,984,1156,2023-10-13,107,2,3.5,30.0
984,985,1178,2023-10-04,107,2,3.5,30.0
985,986,1111,2023-11-20,108,3,3.0,0.0
986,987,1152,2023-11-03,102,5,2.8,0.0
987,988,1086,2023-03-10,108,1,3.0,20.0
988,989,1118,2023-10-02,105,1,4.0,0.0
989,990,1158,2023-01-08,101,4,2.5,10.0
990,991,1194,2023-10-02,103,3,1.2,30.0
991,992,1191,2023-09-06,104,2,4.5,30.0
992,993,1063,2023-10-23,103,4,1.2,20.0
993,994,1116,2023-06-29,103,2,1.2,0.0
994,995,1184,2023-01-25,101,1,2.5,10.0
995,996,1128,2023-07-11,107,5,3.5,30.0
996,997,1167,2023-05-01,101,3,2.5,0.0
997,998,1189,2023-05-19,107,2,3.5,0.0
998,999,1163,2023-04-26,106,1,4.5,20.0
999,1000,1057,2023-02-04,105,2,4.0,10.0
1000,1001,1064,2023-11-13,107,1,3.5,20.0
1001,1002,1112,2023-04-15,109,1,0.5,10.0
1002,1003,1090,2023-02-17,110,3,15.0,30.0
1003,1004,1022,2023-01-20,101,5,2.5,0.0
1004,1005,1002,2023-02-10,102,2,2.8,30.0
1005,1006,1028,2023-11-30,110,5,15.0,10.0
1006,1007,1073,2023-09-29,105,1,4.0,0.0
1007,1008,1001,2023-05-17,101,5,2.5,0.0
1008,1009,1169,2023-05-04,105,2,4.0,0.0
1009,1010,1084,2023-11-05,105,5,4.0,10.0
1010,1011,1044,2023-04-28,108,3,3.0,0.0
1011,1012,1100,2023-02-18,106,5,4.5,20.0
1012,1013,1023,2023-07-22,104,5,4.5,20.0
1013,1014,1002,2023-01-28,102,2,2.8,30.0
1014,1015,1138,2023-04-24,106,3,4.5,10.0
1015,1016,1181,2023-09-26,105,3,4.0,30.0
1016,1017,1167,2023-04-02,108,3,3.0,20.0
1017,1018,1152,2023-03-06,105,2,4.0,30.0
1018,1019,1149,2023-11-29,103,4,1.2,0.0
1019,1020,1135,2023-08-14,107,3,3.5,10.0
1020,1021,1037,2023-08-24,105,3,4.0,30.0
1021,1022,1043,2023-12-22,106,2,4.5,20.0
1022,1023,1093,2023-10-05,107,3,3.5,30.0
1023,1024,1014,2023-04-26,104,4,4.5,10.0
1024,1025,1143,2023-06-19,103,4,1.2,30.0
1025,1026,1137,2023-01-07,106,3,4.5,10.0
1026,1027,1080,2023-04-24,109,4,0.5,20.0
1027,1028,1009,2023-07-27,104,2,4.5,30.0
1028,1029,1004,2023-09-28,104,5,4.5,0.0
1029,1030,1099,2023-05-11,109,3,0.5,20.0
1030,1031,1094,2023-03-29,102,1,2.8,30.0
1031,1032,1181,2023-03-18,108,2,3.0,0.0
1032,1033,1091,2023-07-26,102,4,2.8,0.0
1033,1034,1120,2023-11-26,106,2,4.5,0.0
1034,1035,1109,2023-09-25,110,3,15.0,10.0
1035,1036,1028,2023-04-24,104,5,4.5,0.0
1036,1037,1196,2023-12-10,108,2,3.0,20.0
1037,1038,1128,2023-09-10,103,1,1.2,30.0
1038,1039,1019,2023-03-29,109,5,0.5,0.0
1039,1040,1017,2023-02-21,101,4,2.5,20.0
1040,1041,1046,2023-09-10,109,5,0.5,0.0
1041,1042,1020,2023-04-18,107,3,3.5,10.0
1042,1043,1090,2023-09-16,109,5,0.5,0.0
1043,1044,1112,2023-07-07,102,5,2.8,0.0
1044,1045,1024,2023-08-21,110,5,15.0,0.0
1045,1046,1037,2023-06-05,105,4,4.0,10.0
1046,1047,1004,2023-06-10,104,3,4.5,30.0
1047,1048,1095,2023-06-04,101,4,2.5,10.0
1048,1049,1027,2023-06-05,103,1,1.2,20.0
1049,1050,1119,2023-01-09,110,3,15.0,0.0
1050,1051,1032,2023-11-08,105,5,4.0,30.0
1051,1052,1169,2023-06-26,104,3,4.5,0.0
1052,1053,1152,2023-01-10,110,5,15.0,0.0
1053,1054,1095,2023-10-22,104,5,4.5,30.0
1054,1055,1136,2023-12-12,108,3,3.0,10.0
1055,1056,1154,2023-06-04,105,4,4.0,20.0
1056,1057,1048,2023-10-22,104,2,4.5,30.0
1057,1058,1013,2023-03-25,103,5,1.2,30.0
1058,1059,1121,2023-11-15,104,1,4.5,30.0
1059,1060,1146,2023-12-22,101,2,2.5,30.0
1060,1061,1083,2023-09-16,107,3,3.5,0.0
1061,1062,1197,2023-09-11,104,3,4.5,0.0
1062,1063,1020,2023-01-23,106,4,4.5,0.0
1063,1064,1027,2023-07-12,110,3,15.0,30.0
1064,1065,1078,2023-09-21,109,3,0.5,20.0
1065,1066,1168,2023-06-23,103,1,1.2,20.0
1066,1067,1126,2023-07-03,105,3,4.0,30.0
1067,1068,1063,2023-01-02,103,4,1.2,30.0
1068,1069,1007,2023-07-11,107,1,3.5,0.0
1069,1070,1104,2023-01-21,105,2,4.0,30.0
1070,1071,1179,2023-10-18,105,1,4.0,0.0
1071,1072,1036,2023-10-04,109,3,0.5,30.0
1072,1073,1094,2023-07-15,110,3,15.0,10.0
1073,1074,1063,2023-11-10,103,2,1.2,20.0
1074,1075,1058,2023-08-24,107,5,3.5,20.0
1075,1076,1185,2023-09-26,102,3,2.8,0.0
1076,1077,1183,2023-02-27,109,5,0.5,30.0
1077,1078,1051,2023-03-27,103,4,1.2,0.0
1078,1079,1150,2023-10-05,105,1,4.0,20.0
1079,1080,1103,2023-05-10,110,2,15.0,0.0
1080,1081,1001,2023-06-05,108,1,3.0,30.0
1081,1082,1012,2023-03-17,101,2,2.5,0.0
1082,1083,1168,2023-09-03,106,1,4.5,0.0
1083,1084,1039,2023-02-16,104,3,4.5,10.0
1084,1085,1046,2023-07-16,108,4,3.0,0.0
1085,1086,1009,2023-08-15,103,5,1.2,0.0
1086,1087,1073,2023-09-05,102,2,2.8,0.0
1087,1088,1068,2023-12-11,103,1,1.2,10.0
1088,1089,1110,2023-03-02,109,2,0.5,20.0
1089,1090,1185,2023-03-25,108,1,3.0,20.0
1090,1091,1019,2023-05-09,109,3,0.5,30.0
1091,1092,1076,2023-03-12,108,1,3.0,30.0
1092,1093,1068,2023-11-02,108,2,3.0,30.0
1093,1094,1144,2023-08-08,103,2,1.2,10.0
1094,1095,1054,2023-05-12,110,1,15.0,10.0
1095,1096,1127,2023-03-14,110,1,15.0,10.0
1096,1097,1172,2023-10-11,104,5,4.5,30.0
1097,1098,1135,2023-12-03,108,5,3.0,0.0
1098,1099,1015,2023-12-08,103,5,1.2,30.0
1099,1100,1098,2023-05-05,103,5,1.2,30.0
1100,1101,1042,2023-08-07,102,2,2.8,0.0
1101,1102,1025,2023-04-24,101,2,2.5,0.0
1102,1103,1162,2023-11-04,103,1,1.2,30.0
1103,1104,1095,2023-07-29,110,5,15.0,20.0
1104,1105,1096,2023-10-07,102,5,2.8,30.0
1105,1106,1153,2023-11-08,101,1,2.5,0.0
1106,1107,1179,2023-01-20,106,3,4.5,10.0
1107,1108,1143,2023-03-24,107,4,3.5,20.0
1108,1109,1055,2023-01-09,106,4,4.5,0.0
1109,1110,1165,2023-09-16,106,2,4.5,10.0
1110,1111,1006,2023-03-30,109,3,0.5,10.0
1111,1112,1099,2023-04-05,106,3,4.5,10.0
1112,1113,1138,2023-07-31,105,1,4.0,10.0
1113,1114,1111,2023-05-08,101,1,2.5,30.0
1114,1115,1109,2023-04-17,108,3,3.0,0.0
1115,1116,1120,2023-12-24,102,4,2.8,20.0
1116,1117,1028,2023-03-01,108,4,3.0,10.0
1117,1118,1100,2023-05-02,107,1,3.5,20.0
1118,1119,1145,2023-01-21,107,2,3.5,0.0
1119,1120,1013,2023-06-02,102,4,2.8,30.0
1120,1121,1091,2023-12-27,108,3,3.0,0.0
1121,1122,1149,2023-06-17,107,2,3.5,10.0
1122,1123,1126,2023-11-08,109,5,0.5,20.0
1123,1124,1057,2023-12-11,110,1,15.0,10.0
1124,1125,1118,2023-10-29,103,2,1.2,0.0
1125,1126,1058,2023-01-04,107,1,3.5,10.0
1126,1127,1046,2023-04-29,110,5,15.0,20.0
1127,1128,1042,2023-05-16,110,1,15.0,0.0
1128,1129,1086,2023-01-05,110,2,15.0,0.0
1129,1130,1115,2023-12-31,110,3,15.0,30.0
1130,1131,1157,2023-07-03,102,1,2.8,30.0
1131,1132,1130,2023-09-19,107,3,3.5,20.0
1132,1133,1044,2023-12-27,110,2,15.0,10.0
1133,1134,1180,2023-06-14,110,1,15.0,30.0
1134,1135,1023,2023-11-13,110,5,15.0,10.0
1135,1136,1105,2023-10-02,109,1,0.5,0.0
1136,1137,1031,2023-03-15,101,2,2.5,30.0
1137,1138,1026,2023-01-20,104,2,4.5,30.0
1138,1139,1144,2023-10-21,109,4,0.5,20.0
1139,1140,1110,2023-12-06,109,3,0.5,10.0
1140,1141,1120,2023-05-18,110,5,15.0,20.0
1141,1142,1177,2023-06-23,101,4,2.5,0.0
1142,1143,1005,2023-04-08,105,2,4.0,10.0
1143,1144,1176,2023-08-13,107,2,3.5,10.0
1144,1145,1170,2023-03-24,104,1,4.5,0.0
1145,1146,1077,2023-10-25,109,5,0.5,10.0
1146,1147,1169,2023-03-07,102,3,2.8,30.0
1147,1148,1080,2023-07-22,101,4,2.5,20.0
1148,1149,1113,2023-05-26,108,3,3.0,20.0
1149,1150,1006,2023-01-31,109,5,0.5,30.0
1150,1151,1048,2023-08-23,108,3,3.0,20.0
1151,1152,1009,2023-12-28,105,4,4.0,30.0
1152,1153,1192,2023-10-11,109,2,0.5,20.0
1153,1154,1175,2023-08-09,102,4,2.8,30.0
1154,1155,1096,2023-03-04,106,1,4.5,0.0
1155,1156,1023,2023-05-06,105,3,4.0,30.0
1156,1157,1058,2023-09-04,109,4,0.5,20.0
1157,1158,1111,2023-12-10,102,5,2.8,10.0
1158,1159,1119,2023-06-11,110,1,15.0,30.0
1159,1160,1142,2023-05-28,106,3,4.5,20.0
1160,1161,1095,2023-08-24,103,2,1.2,0.0
1161,1162,1185,2023-05-24,104,2,4.5,30.0
1162,1163,1124,2023-06-17,110,5,15.0,20.0
1163,1164,1066,2023-05-04,107,1,3.5,30.0
1164,1165,1195,2023-09-03,102,1,2.8,20.0
1165,1166,1144,2023-03-24,104,4,4.5,0.0
1166,1167,1156,2023-06-28,107,5,3.5,20.0
1167,1168,1155,2023-11-11,107,3,3.5,30.0
1168,1169,1069,2023-12-09,108,1,3.0,20.0
1169,1170,1176,2023-12-21,102,3,2.8,30.0
1170,1171,1027,2023-11-11,104,2,4.5,20.0
1171,1172,1157,2023-05-14,105,3,4.0,30.0
1172,1173,1170,2023-04-13,108,1,3.0,10.0
1173,1174,1133,2023-07-26,106,1,4.5,10.0
1174,1175,1004,2023-09-14,101,4,2.5,30.0
1175,1176,1037,2023-05-14,110,1,15.0,0.0
1176,1177,1027,2023-04-27,102,2,2.8,0.0
1177,1178,1005,2023-06-13,105,4,4.0,30.0
1178,1179,1136,2023-03-07,109,5,0.5,10.0
1179,1180,1101,2023-08-11,108,3,3.0,0.0
1180,1181,1195,2023-08-20,103,5,1.2,0.0
1181,1182,1019,2023-02-13,104,1,4.5,30.0
1182,1183,1075,2023-03-27,107,5,3.5,30.0
1183,1184,1126,2023-11-22,108,1,3.0,20.0
1184,1185,1197,2023-02-17,109,3,0.5,20.0
1185,1186,1050,2023-07-13,107,4,3.5,20.0
1186,1187,1153,2023-07-12,108,1,3.0,20.0
1187,1188,1097,2023-10-11,107,2,3.5,30.0
1188,1189,1153,2023-03-02,108,4,3.0,10.0
1189,1190,1034,2023-10-14,105,3,4.0,20.0
1190,1191,1162,2023-08-13,105,1,4.0,10.0
1191,1192,1030,2023-03-23,105,1,4.0,20.0
1192,1193,1160,2023-06-13,107,5,3.5,0.0
1193,1194,1056,2023-12-12,104,5,4.5,0.0
1194,1195,1031,2023-03-04,109,2,0.5,30.0
1195,1196,1142,2023-04-10,108,1,3.0,20.0
1196,1197,1016,2023-10-06,101,5,2.5,20.0
1197,1198,1102,2023-08-04,107,5,3.5,0.0
1198,1199,1105,2023-04-13,104,3,4.5,20.0
1199,1200,1095,2023-06-12,101,4,2.5,10.0
1200,1201,1188,2023-01-19,101,4,2.5,10.0
1201,1202,1131,2023-02-23,104,4,4.5,0.0
1202,1203,1089,2023-12-03,101,5,2.5,20.0
1203,1204,1145,2023-04-26,103,2,1.2,0.0
1204,1205,1119,2023-02-10,109,1,0.5,0.0
1205,1206,1117,2023-05-24,110,5,15.0,30.0
1206,1207,1075,2023-07-16,105,3,4.0,20.0
1207,1208,1033,2023-09-01,108,2,3.0,0.0
1208,1209,1083,2023-02-23,110,3,15.0,0.0
1209,1210,1068,2023-05-02,104,2,4.5,10.0
1210,1211,1043,2023-09-06,102,3,2.8,0.0
1211,1212,1112,2023-05-28,107,2,3.5,30.0
1212,1213,1178,2023-07-24,108,4,3.0,0.0
1213,1214,1073,2023-11-18,102,5,2.8,20.0
1214,1215,1015,2023-01-20,108,2,3.0,0.0
1215,1216,1080,2023-05-10,107,2,3.5,10.0
1216,1217,1092,2023-03-12,101,3,2.5,10.0
1217,1218,1055,2023-12-09,105,2,4.0,0.0
1218,1219,1119,2023-07-30,109,3,0.5,10.0
1219,1220,1163,2023-11-24,108,3,3.0,20.0
1220,1221,1022,2023-08-18,110,4,15.0,0.0
1221,1222,1038,2023-03-21,108,4,3.0,10.0
1222,1223,1126,2023-09-11,103,1,1.2,10.0
1223,1224,1085,2023-03-29,103,4,1.2,30.0
1224,1225,1036,2023-01-02,107,2,3.5,10.0
1225,1226,1119,2023-09-28,103,3,1.2,30.0
1226,1227,1173,2023-10-31,105,5,4.0,0.0
1227,1228,1019,2023-01-02,107,1,3.5,10.0
1228,1229,1183,2023-09-15,104,4,4.5,10.0
1229,1230,1032,2023-06-19,108,1,3.0,10.0
1230,1231,1104,2023-03-28,105,4,4.0,30.0
1231,1232,1128,2023-11-19,105,5,4.0,30.0
1232,1233,1074,2023-06-13,108,5,3.0,20.0
1233,1234,1016,2023-04-26,109,5,0.5,0.0
1234,1235,1136,2023-04-06,108,2,3.0,10.0
1235,1236,1035,2023-02-26,103,1,1.2,0.0
1236,1237,1125,2023-04-19,107,4,3.5,30.0
1237,1238,1191,2023-05-09,110,5,15.0,0.0
1238,1239,1023,2023-04-17,108,1,3.0,20.0
1239,1240,1138,2023-05-15,108,1,3.0,0.0
1240,1241,1066,2023-12-13,110,1,15.0,10.0
1241,1242,1127,2023-07-16,104,1,4.5,0.0
1242,1243,1079,2023-08-07,106,1,4.5,10.0
1243,1244,1076,2023-11-24,102,5,2.8,30.0
1244,1245,1083,2023-03-16,105,3,4.0,20.0
1245,1246,1153,2023-10-26,109,1,0.5,10.0
1246,1247,1033,2023-08-20,106,3,4.5,10.0
1247,1248,1110,2023-08-30,106,1,4.5,0.0
1248,1249,1047,2023-11-22,110,1,15.0,20.0
1249,1250,1200,2023-03-07,105,4,4.0,10.0
1250,1251,1130,2023-12-09,105,2,4.0,0.0
1251,1252,1055,2023-10-18,109,2,0.5,0.0
1252,1253,1146,2023-10-15,106,2,4.5,0.0
1253,1254,1144,2023-09-22,101,2,2.5,30.0
1254,1255,1103,2023-03-07,108,5,3.0,10.0
1255,1256,1165,2023-08-27,107,5,3.5,10.0
1256,1257,1197,2023-07-05,102,5,2.8,0.0
1257,1258,1196,2023-02-08,110,5,15.0,20.0
1258,1259,1107,2023-12-30,103,1,1.2,20.0
1259,1260,1136,2023-01-14,110,5,15.0,0.0
1260,1261,1082,2023-11-09,102,3,2.8,20.0
1261,1262,1197,2023-02-19,107,2,3.5,20.0
1262,1263,1111,2023-03-22,105,3,4.0,0.0
1263,1264,1041,2023-08-28,109,1,0.5,0.0
1264,1265,1110,2023-04-04,104,4,4.5,0.0
1265,1266,1075,2023-10-31,109,2,0.5,0.0
1266,1267,1155,2023-03-04,103,5,1.2,30.0
1267,1268,1038,2023-12-13,110,1,15.0,0.0
1268,1269,1155,2023-08-01,107,5,3.5,20.0
1269,1270,1155,2023-08-30,101,4,2.5,0.0
1270,1271,1169,2023-07-31,109,1,0.5,0.0
1271,1272,1026,2023-11-01,107,4,3.5,0.0
1272,1273,1027,2023-11-07,108,5,3.0,20.0
1273,1274,1168,2023-11-05,108,1,3.0,10.0
1274,1275,1087,2023-07-23,104,4,4.5,0.0
1275,1276,1192,2023-03-07,109,4,0.5,0.0
1276,1277,1102,2023-05-21,105,1,4.0,30.0
1277,1278,1068,2023-12-09,103,4,1.2,0.0
1278,1279,1092,2023-11-14,108,4,3.0,20.0
1279,1280,1167,2023-07-18,106,5,4.5,0.0
1280,1281,1199,2023-03-16,105,2,4.0,0.0
1281,1282,1053,2023-07-31,103,2,1.2,20.0
1282,1283,1140,2023-07-23,106,4,4.5,10.0
1283,1284,1092,2023-04-16,104,1,4.5,20.0
1284,1285,1177,2023-06-17,107,5,3.5,10.0
1285,1286,1068,2023-10-01,104,3,4.5,10.0
1286,1287,1122,2023-07-24,110,2,15.0,0.0
1287,1288,1107,2023-04-30,104,5,4.5,0.0
1288,1289,1134,2023-01-15,103,4,1.2,10.0
1289,1290,1021,2023-06-22,110,5,15.0,20.0
1290,1291,1163,2023-03-19,109,4,0.5,10.0
1291,1292,1130,2023-08-10,101,2,2.5,10.0
1292,1293,1021,2023-12-19,102,3,2.8,0.0
1293,1294,1031,2023-04-19,101,4,2.5,10.0
1294,1295,1179,2023-03-30,107,1,3.5,0.0
1295,1296,1103,2023-08-07,110,2,15.0,0.0
1296,1297,1081,2023-03-14,106,1,4.5,0.0
1297,1298,1055,2023-11-15,102,3,2.8,20.0
1298,1299,1117,2023-11-01,101,1,2.5,0.0
1299,1300,1142,2023-06-10,105,2,4.0,20.0
1300,1301,1061,2023-09-05,102,2,2.8,0.0
1301,1302,1167,2023-08-02,102,2,2.8,0.0
1302,1303,1144,2023-09-22,109,1,0.5,10.0
1303,1304,1090,2023-03-24,103,4,1.2,10.0
1304,1305,1194,2023-08-13,103,5,1.2,10.0
1305,1306,1056,2023-10-22,101,1,2.5,0.0
1306,1307,1057,2023-09-02,102,5,2.8,0.0
1307,1308,1047,2023-03-21,102,3,2.8,30.0
1308,1309,1197,2023-12-24,101,4,2.5,0.0
1309,1310,1114,2023-08-10,108,2,3.0,30.0
1310,1311,1113,2023-11-15,101,4,2.5,30.0
1311,1312,1142,2023-09-25,107,5,3.5,10.0
1312,1313,1090,2023-08-13,106,1,4.5,0.0
1313,1314,1108,2023-01-10,107,1,3.5,10.0
1314,1315,1178,2023-09-18,102,1,2.8,0.0
1315,1316,1005,2023-07-24,108,1,3.0,10.0
1316,1317,1114,2023-02-28,106,3,4.5,10.0
1317,1318,1151,2023-06-22,109,3,0.5,0.0
1318,1319,1095,2023-09-30,104,2,4.5,30.0
1319,1320,1005,2023-09-07,110,2,15.0,20.0
1320,1321,1069,2023-01-22,104,5,4.5,10.0
1321,1322,1147,2023-03-14,106,5,4.5,20.0
1322,1323,1135,2023-09-27,107,4,3.5,30.0
1323,1324,1196,2023-10-31,105,2,4.0,0.0
1324,1325,1049,2023-09-14,109,1,0.5,10.0
1325,1326,1063,2023-12-17,108,3,3.0,0.0
1326,1327,1054,2023-10-10,110,4,15.0,20.0
1327,1328,1195,2023-12-18,109,2,0.5,30.0
1328,1329,1137,2023-03-31,105,2,4.0,10.0
1329,1330,1138,2023-09-12,110,4,15.0,10.0
1330,1331,1023,2023-01-05,108,1,3.0,0.0
1331,1332,1070,2023-01-15,110,5,15.0,10.0
1332,1333,1088,2023-10-17,107,4,3.5,30.0
1333,1334,1180,2023-10-12,101,4,2.5,0.0
1334,1335,1122,2023-10-24,106,4,4.5,0.0
1335,1336,1154,2023-04-12,101,2,2.5,10.0
1336,1337,1049,2023-02-21,107,2,3.5,30.0
1337,1338,1130,2023-04-26,104,4,4.5,20.0
1338,1339,1169,2023-09-06,102,3,2.8,0.0
1339,1340,1143,2023-07-20,103,4,1.2,0.0
1340,1341,1126,2023-06-14,103,2,1.2,20.0
1341,1342,1091,2023-10-11,108,4,3.0,30.0
1342,1343,1076,2023-07-22,103,3,1.2,30.0
1343,1344,1093,2023-02-14,105,5,4.0,10.0
1344,1345,1001,2023-11-05,104,3,4.5,10.0
1345,1346,1110,2023-11-02,105,2,4.0,30.0
1346,1347,1082,2023-02-13,101,1,2.5,10.0
1347,1348,1118,2023-05-27,106,4,4.5,10.0
1348,1349,1128,2023-07-05,101,2,2.5,0.0
1349,1350,1082,2023-06-30,104,3,4.5,10.0
1350,1351,1084,2023-07-08,103,2,1.2,10.0
1351,1352,1138,2023-03-16,103,2,1.2,0.0
1352,1353,1035,2023-03-24,104,5,4.5,20.0
1353,1354,1172,2023-01-05,104,4,4.5,0.0
1354,1355,1155,2023-03-03,101,4,2.5,30.0
1355,1356,1049,2023-05-04,107,4,3.5,10.0
1356,1357,1113,2023-07-21,108,3,3.0,20.0
1357,1358,1116,2023-08-27,106,3,4.5,30.0
1358,1359,1186,2023-03-07,105,5,4.0,0.0
1359,1360,1131,2023-04-16,110,5,15.0,0.0
1360,1361,1174,2023-09-14,106,3,4.5,10.0
1361,1362,1187,2023-06-14,103,1,1.2,30.0
1362,1363,1032,2023-11-06,104,3,4.5,10.0
1363,1364,1038,2023-01-28,102,2,2.8,10.0
1364,1365,1110,2023-10-16,102,3,2.8,10.0
1365,1366,1108,2023-08-08,109,4,0.5,10.0
1366,1367,1076,2023-01-12,101,2,2.5,30.0
1367,1368,1006,2023-11-11,105,1,4.0,30.0
1368,1369,1085,2023-01-26,104,5,4.5,0.0
1369,1370,1087,2023-07-08,103,3,1.2,30.0
1370,1371,1047,2023-04-17,108,2,3.0,0.0
1371,1372,1191,2023-06-01,110,5,15.0,10.0
1372,1373,1041,2023-08-23,108,3,3.0,30.0
1373,1374,1051,2023-05-15,107,1,3.5,0.0
1374,1375,1170,2023-05-29,109,2,0.5,10.0
1375,1376,1178,2023-11-10,103,5,1.2,20.0
1376,1377,1192,2023-12-26,102,2,2.8,10.0
1377,1378,1006,2023-09-25,103,5,1.2,20.0
1378,1379,1100,2023-01-11,103,5,1.2,10.0
1379,1380,1175,2023-12-27,104,5,4.5,30.0
1380,1381,1119,2023-04-11,102,1,2.8,30.0
1381,1382,1176,2023-12-14,101,3,2.5,20.0
1382,1383,1192,2023-10-21,104,4,4.5,20.0
1383,1384,1088,2023-06-09,110,1,15.0,10.0
1384,1385,1101,2023-01-20,102,4,2.8,30.0
1385,1386,1137,2023-02-25,108,5,3.0,10.0
1386,1387,1094,2023-04-04,106,1,4.5,20.0
1387,1388,1117,2023-01-12,103,3,1.2,0.0
1388,1389,1129,2023-06-24,101,5,2.5,30.0
1389,1390,1128,2023-10-20,109,5,0.5,30.0
1390,1391,1004,2023-07-29,103,2,1.2,20.0
1391,1392,1097,2023-12-11,106,2,4.5,0.0
1392,1393,1016,2023-05-31,109,2,0.5,20.0
1393,1394,1033,2023-11-21,106,3,4.5,10.0
1394,1395,1119,2023-03-15,107,5,3.5,10.0
1395,1396,1178,2023-01-25,106,3,4.5,30.0
1396,1397,1090,2023-06-14,101,2,2.5,0.0
1397,1398,1162,2023-01-06,105,3,4.0,20.0
1398,1399,1067,2023-08-19,105,3,4.0,30.0
1399,1400,1028,2023-01-01,109,3,0.5,20.0
1400,1401,1045,2023-04-19,107,4,3.5,20.0
1401,1402,1186,2023-11-08,110,4,15.0,0.0
1402,1403,1011,2023-10-14,104,5,4.5,0.0
1403,1404,1080,2023-06-04,102,4,2.8,10.0
1404,1405,1189,2023-09-09,110,3,15.0,0.0
1405,1406,1064,2023-02-18,104,1,4.5,0.0
1406,1407,1173,2023-03-26,109,3,0.5,30.0
1407,1408,1181,2023-11-18,102,1,2.8,30.0
1408,1409,1166,2023-10-09,102,2,2.8,30.0
1409,1410,1065,2023-07-16,105,3,4.0,0.0
1410,1411,1060,2023-01-07,107,3,3.5,0.0
1411,1412,1124,2023-06-07,105,4,4.0,30.0
1412,1413,1177,2023-05-23,101,4,2.5,30.0
1413,1414,1082,2023-03-09,110,2,15.0,0.0
1414,1415,1183,2023-12-25,107,2,3.5,20.0
1415,1416,1122,2023-02-01,104,1,4.5,10.0
1416,1417,1171,2023-09-15,107,4,3.5,20.0
1417,1418,1059,2023-06-13,107,1,3.5,0.0
1418,1419,1186,2023-06-17,106,2,4.5,0.0
1419,1420,1069,2023-01-05,102,5,2.8,20.0
1420,1421,1020,2023-01-11,107,4,3.5,30.0
1421,1422,1163,2023-09-14,106,2,4.5,0.0
1422,1423,1120,2023-07-11,107,2,3.5,0.0
1423,1424,1139,2023-11-22,108,3,3.0,20.0
1424,1425,1043,2023-03-10,102,1,2.8,0.0
1425,1426,1096,2023-08-21,102,5,2.8,30.0
1426,1427,1131,2023-03-18,103,3,1.2,0.0
1427,1428,1059,2023-03-17,106,3,4.5,20.0
1428,1429,1109,2023-08-09,101,5,2.5,30.0
1429,1430,1068,2023-08-19,104,5,4.5,0.0
1430,1431,1009,2023-09-21,104,5,4.5,30.0
1431,1432,1028,2023-01-26,101,1,2.5,20.0
1432,1433,1102,2024-01-01,101,5,2.5,0.0
1433,1434,1092,2023-07-20,110,5,15.0,0.0
1434,1435,1015,2023-03-01,105,1,4.0,0.0
1435,1436,1128,2023-10-02,101,3,2.5,20.0
1436,1437,1168,2023-05-12,110,5,15.0,10.0
1437,1438,1126,2023-11-10,110,4,15.0,10.0
1438,1439,1043,2023-12-13,105,3,4.0,0.0
1439,1440,1098,2023-05-03,110,4,15.0,0.0
1440,1441,1014,2023-06-08,103,4,1.2,0.0
1441,1442,1063,2023-08-31,102,5,2.8,0.0
1442,1443,1010,2023-05-19,103,4,1.2,30.0
1443,1444,1197,2023-09-10,108,3,3.0,10.0
1444,1445,1125,2023-10-08,103,4,1.2,0.0
1445,1446,1047,2023-04-27,106,1,4.5,20.0
1446,1447,1070,2023-12-24,103,5,1.2,0.0
1447,1448,1142,2023-10-30,106,3,4.5,0.0
1448,1449,1144,2023-11-04,104,2,4.5,10.0
1449,1450,1159,2023-06-26,108,2,3.0,0.0
1450,1451,1147,2023-11-08,105,1,4.0,0.0
1451,1452,1023,2023-05-01,106,4,4.5,10.0
1452,1453,1045,2023-09-19,105,4,4.0,30.0
1453,1454,1127,2023-05-09,110,1,15.0,10.0
1454,1455,1071,2023-09-14,101,5,2.5,0.0
1455,1456,1148,2023-06-28,105,3,4.0,30.0
1456,1457,1144,2023-07-01,102,2,2.8,10.0
1457,1458,1027,2023-05-07,110,5,15.0,10.0
1458,1459,1051,2023-01-14,107,4,3.5,0.0
1459,1460,1166,2023-02-14,106,4,4.5,0.0
1460,1461,1155,2023-12-19,101,1,2.5,0.0
1461,1462,1031,2023-07-28,103,5,1.2,0.0
1462,1463,1148,2023-07-30,108,4,3.0,10.0
1463,1464,1188,2023-09-20,104,5,4.5,20.0
1464,1465,1141,2023-05-06,104,1,4.5,10.0
1465,1466,1008,2023-12-04,101,3,2.5,30.0
1466,1467,1098,2023-12-21,105,3,4.0,0.0
1467,1468,1165,2023-12-31,110,5,15.0,20.0
1468,1469,1115,2023-01-10,104,2,4.5,0.0
1469,1470,1156,2023-05-30,108,4,3.0,30.0
1470,1471,1110,2023-10-09,102,3,2.8,0.0
1471,1472,1122,2023-05-22,109,5,0.5,30.0
1472,1473,1161,2023-11-06,104,3,4.5,30.0
1473,1474,1076,2023-11-10,109,4,0.5,10.0
1474,1475,1121,2023-06-16,107,1,3.5,20.0
1475,1476,1001,2023-09-11,103,1,1.2,10.0
1476,1477,1050,2023-06-13,108,5,3.0,10.0
1477,1478,1183,2023-11-16,105,1,4.0,20.0
1478,1479,1117,2023-12-22,102,2,2.8,10.0
1479,1480,1071,2023-03-29,107,2,3.5,0.0
1480,1481,1034,2023-08-11,107,5,3.5,20.0
1481,1482,1136,2023-04-19,106,2,4.5,10.0
1482,1483,1057,2023-05-07,109,1,0.5,20.0
1483,1484,1169,2023-07-20,105,3,4.0,0.0
1484,1485,1146,2023-09-14,105,5,4.0,20.0
1485,1486,1077,2023-08-12,110,4,15.0,30.0
1486,1487,1067,2023-03-30,110,5,15.0,10.0
1487,1488,1109,2023-08-08,106,2,4.5,30.0
1488,1489,1140,2023-01-07,104,2,4.5,10.0
1489,1490,1046,2023-09-05,106,3,4.5,20.0
1490,1491,1029,2023-11-08,103,2,1.2,10.0
1491,1492,1141,2023-02-10,102,3,2.8,10.0
1492,1493,1022,2023-06-02,106,4,4.5,0.0
1493,1494,1015,2023-02-24,107,4,3.5,20.0
1494,1495,1071,2023-10-02,107,4,3.5,20.0
1495,1496,1010,2023-05-23,105,1,4.0,20.0
1496,1497,1170,2023-11-12,105,5,4.0,20.0
1497,1498,1077,2023-06-17,106,2,4.5,20.0
1498,1499,1058,2023-01-04,106,1,4.5,20.0
1499,1500,1172,2023-08-13,107,1,3.5,0.0
1500,1501,1173,2023-01-01,105,4,4.0,30.0
1501,1502,1191,2023-04-17,108,4,3.0,0.0
1502,1503,1178,2023-08-25,102,4,2.8,30.0
1503,1504,1110,2023-03-04,107,3,3.5,20.0
1504,1505,1105,2023-05-26,103,1,1.2,0.0
1505,1506,1138,2023-05-10,106,3,4.5,20.0
1506,1507,1054,2023-01-01,105,5,4.0,0.0
1507,1508,1128,2023-12-04,102,2,2.8,0.0
1508,1509,1181,2023-11-22,103,3,1.2,0.0
1509,1510,1025,2023-11-23,103,3,1.2,30.0
1510,1511,1128,2023-03-23,109,3,0.5,20.0
1511,1512,1131,2023-09-28,102,2,2.8,20.0
1512,1513,1133,2023-11-03,101,1,2.5,30.0
1513,1514,1111,2023-05-30,105,2,4.0,30.0
1514,1515,1063,2023-01-12,110,1,15.0,10.0
1515,1516,1170,2023-10-19,103,1,1.2,0.0
1516,1517,1083,2023-08-25,106,5,4.5,30.0
1517,1518,1081,2023-02-28,102,5,2.8,10.0
1518,1519,1154,2023-02-27,110,2,15.0,30.0
1519,1520,1064,2023-02-10,101,4,2.5,10.0
1520,1521,1192,2023-06-01,103,1,1.2,0.0
1521,1522,1185,2023-08-24,106,3,4.5,0.0
1522,1523,1198,2023-03-20,101,5,2.5,10.0
1523,1524,1164,2023-10-25,107,3,3.5,0.0
1524,1525,1027,2023-07-15,103,3,1.2,20.0
1525,1526,1170,2023-10-06,102,1,2.8,30.0
1526,1527,1187,2023-02-12,109,3,0.5,10.0
1527,1528,1151,2023-07-19,102,2,2.8,30.0
1528,1529,1106,2023-07-05,102,4,2.8,30.0
1529,1530,1010,2023-08-19,107,5,3.5,30.0
1530,1531,1144,2023-01-16,102,5,2.8,10.0
1531,1532,1005,2023-08-26,101,3,2.5,30.0
1532,1533,1075,2023-08-21,104,2,4.5,10.0
1533,1534,1188,2023-08-09,106,2,4.5,30.0
1534,1535,1150,2023-12-06,106,3,4.5,10.0
1535,1536,1191,2023-05-26,104,4,4.5,30.0
1536,1537,1070,2023-06-07,108,5,3.0,0.0
1537,1538,1074,2023-10-19,110,4,15.0,0.0
1538,1539,1195,2023-11-15,106,4,4.5,0.0
1539,1540,1114,2023-04-02,109,2,0.5,20.0
1540,1541,1174,2023-07-11,110,3,15.0,20.0
1541,1542,1150,2023-06-05,103,1,1.2,30.0
1542,1543,1015,2023-03-10,106,2,4.5,10.0
1543,1544,1037,2023-02-23,109,2,0.5,20.0
1544,1545,1067,2023-10-16,102,4,2.8,0.0
1545,1546,1091,2023-03-23,108,3,3.0,10.0
1546,1547,1095,2023-02-07,103,2,1.2,20.0
1547,1548,1081,2023-02-07,109,5,0.5,30.0
1548,1549,1117,2023-08-05,103,3,1.2,30.0
1549,1550,1182,2023-06-12,103,2,1.2,20.0
1550,1551,1008,2023-04-15,109,2,0.5,30.0
1551,1552,1081,2023-09-22,107,3,3.5,0.0
1552,1553,1020,2023-08-10,103,2,1.2,0.0
1553,1554,1108,2023-09-24,104,1,4.5,10.0
1554,1555,1187,2023-01-18,104,3,4.5,0.0
1555,1556,1078,2023-03-27,109,2,0.5,30.0
1556,1557,1147,2023-03-17,109,1,0.5,0.0
1557,1558,1024,2023-01-03,106,2,4.5,0.0
1558,1559,1040,2023-11-17,105,3,4.0,0.0
1559,1560,1121,2023-05-27,105,5,4.0,20.0
1560,1561,1103,2023-02-18,101,5,2.5,30.0
1561,1562,1064,2023-06-27,102,2,2.8,20.0
1562,1563,1099,2023-02-21,104,2,4.5,20.0
1563,1564,1123,2023-03-08,101,2,2.5,10.0
1564,1565,1054,2023-04-16,109,1,0.5,20.0
1565,1566,1197,2023-07-29,101,3,2.5,30.0
1566,1567,1135,2023-09-04,101,5,2.5,10.0
1567,1568,1187,2023-10-19,101,2,2.5,30.0
1568,1569,1177,2023-12-05,102,3,2.8,10.0
1569,1570,1059,2023-08-06,103,5,1.2,10.0
1570,1571,1149,2023-04-29,103,5,1.2,0.0
1571,1572,1147,2023-02-01,101,4,2.5,20.0
1572,1573,1047,2023-06-27,104,1,4.5,0.0
1573,1574,1192,2023-02-01,105,4,4.0,20.0
1574,1575,1148,2023-08-11,109,3,0.5,0.0
1575,1576,1053,2023-08-22,110,2,15.0,0.0
1576,1577,1093,2023-05-31,106,2,4.5,0.0
1577,1578,1163,2023-12-18,106,5,4.5,10.0
1578,1579,1094,2023-08-11,106,5,4.5,0.0
1579,1580,1007,2023-09-05,104,5,4.5,0.0
1580,1581,1144,2023-07-16,103,5,1.2,30.0
1581,1582,1133,2023-12-03,110,3,15.0,30.0
1582,1583,1143,2023-10-03,106,1,4.5,20.0
1583,1584,1192,2023-11-07,107,2,3.5,10.0
1584,1585,1029,2023-04-02,110,1,15.0,10.0
1585,1586,1096,2023-09-01,109,5,0.5,30.0
1586,1587,1083,2023-02-12,101,2,2.5,20.0
1587,1588,1182,2023-11-07,107,1,3.5,20.0
1588,1589,1097,2023-08-10,104,4,4.5,0.0
1589,1590,1182,2023-11-11,106,1,4.5,10.0
1590,1591,1041,2023-07-28,107,3,3.5,0.0
1591,1592,1147,2023-10-05,102,5,2.8,30.0
1592,1593,1126,2023-01-27,102,4,2.8,30.0
1593,1594,1111,2023-06-08,108,5,3.0,20.0
1594,1595,1046,2023-10-08,107,5,3.5,30.0
1595,1596,1151,2023-04-23,103,1,1.2,0.0
1596,1597,1073,2023-03-14,102,1,2.8,10.0
1597,1598,1004,2023-07-09,106,2,4.5,10.0
1598,1599,1047,2023-03-04,104,3,4.5,20.0
1599,1600,1093,2023-10-17,105,1,4.0,10.0
1600,1601,1007,2023-03-29,107,2,3.5,20.0
1601,1602,1092,2023-06-17,110,2,15.0,10.0
1602,1603,1165,2023-01-23,104,5,4.5,10.0
1603,1604,1178,2023-01-21,106,1,4.5,10.0
1604,1605,1129,2023-08-11,101,2,2.5,30.0
1605,1606,1144,2023-09-30,104,2,4.5,0.0
1606,1607,1076,2023-08-05,109,4,0.5,30.0
1607,1608,1132,2023-06-24,110,4,15.0,30.0
1608,1609,1160,2023-11-11,109,5,0.5,10.0
1609,1610,1151,2023-05-12,110,1,15.0,30.0
1610,1611,1181,2023-11-11,107,4,3.5,30.0
1611,1612,1153,2023-10-07,108,3,3.0,30.0
1612,1613,1105,2023-06-18,108,4,3.0,30.0
1613,1614,1077,2023-09-25,109,2,0.5,10.0
1614,1615,1078,2023-10-31,109,3,0.5,30.0
1615,1616,1006,2023-11-12,108,1,3.0,30.0
1616,1617,1005,2023-12-26,104,4,4.5,10.0
1617,1618,1196,2023-09-14,106,1,4.5,0.0
1618,1619,1129,2023-02-05,106,2,4.5,10.0
1619,1620,1052,2023-09-10,110,3,15.0,20.0
1620,1621,1009,2023-10-10,107,2,3.5,30.0
1621,1622,1104,2023-11-15,103,5,1.2,10.0
1622,1623,1133,2023-04-22,105,2,4.0,30.0
1623,1624,1008,2023-10-01,110,5,15.0,0.0
1624,1625,1125,2023-01-18,102,4,2.8,0.0
1625,1626,1103,2023-10-16,110,3,15.0,0.0
1626,1627,1082,2023-11-20,101,2,2.5,0.0
1627,1628,1123,2023-06-27,109,3,0.5,10.0
1628,1629,1034,2023-12-11,108,2,3.0,0.0
1629,1630,1151,2023-12-22,105,5,4.0,0.0
1630,1631,1165,2023-08-27,109,2,0.5,30.0
1631,1632,1024,2023-03-27,105,2,4.0,30.0
1632,1633,1011,2023-01-18,110,3,15.0,20.0
1633,1634,1011,2023-07-06,106,4,4.5,30.0
1634,1635,1092,2023-09-19,101,4,2.5,30.0
1635,1636,1163,2023-12-17,108,2,3.0,10.0
1636,1637,1051,2023-06-01,104,1,4.5,0.0
1637,1638,1108,2023-10-28,104,1,4.5,20.0
1638,1639,1159,2023-06-07,106,3,4.5,20.0
1639,1640,1108,2023-09-13,107,5,3.5,20.0
1640,1641,1095,2023-07-21,108,4,3.0,10.0
1641,1642,1029,2023-12-06,101,1,2.5,10.0
1642,1643,1185,2023-01-01,101,4,2.5,30.0
1643,1644,1161,2023-04-19,108,2,3.0,0.0
1644,1645,1047,2023-09-08,102,1,2.8,30.0
1645,1646,1171,2023-06-01,105,4,4.0,10.0
1646,1647,1007,2023-09-04,107,2,3.5,0.0
1647,1648,1111,2023-01-25,104,5,4.5,20.0
1648,1649,1063,2023-04-28,106,4,4.5,10.0
1649,1650,1060,2023-12-14,104,1,4.5,30.0
1650,1651,1008,2023-11-25,104,2,4.5,30.0
1651,1652,1156,2023-10-03,105,1,4.0,10.0
1652,1653,1122,2023-09-06,104,4,4.5,10.0
1653,1654,1036,2023-11-27,109,4,0.5,0.0
1654,1655,1110,2023-08-13,103,3,1.2,10.0
1655,1656,1198,2023-12-10,104,5,4.5,30.0
1656,1657,1046,2023-10-18,103,4,1.2,0.0
1657,1658,1195,2023-09-06,108,3,3.0,10.0
1658,1659,1083,2023-01-27,101,2,2.5,0.0
1659,1660,1158,2023-12-04,106,4,4.5,10.0
1660,1661,1032,2023-01-24,101,3,2.5,10.0
1661,1662,1181,2023-04-06,102,4,2.8,30.0
1662,1663,1135,2023-06-06,110,1,15.0,30.0
1663,1664,1181,2023-11-21,109,3,0.5,10.0
1664,1665,1038,2023-01-11,107,5,3.5,10.0
1665,1666,1076,2023-04-15,108,1,3.0,0.0
1666,1667,1064,2023-06-20,103,2,1.2,0.0
1667,1668,1121,2023-05-29,104,3,4.5,0.0
1668,1669,1130,2023-05-03,109,2,0.5,30.0
1669,1670,1050,2023-10-18,105,4,4.0,20.0
1670,1671,1004,2023-03-27,104,3,4.5,0.0
1671,1672,1136,2023-11-29,101,4,2.5,20.0
1672,1673,1068,2023-06-19,103,5,1.2,30.0
1673,1674,1178,2023-02-12,105,1,4.0,0.0
1674,1675,1158,2023-10-24,110,3,15.0,10.0
1675,1676,1185,2023-01-10,107,1,3.5,30.0
1676,1677,1050,2023-01-01,103,1,1.2,10.0
1677,1678,1169,2023-05-28,108,3,3.0,10.0
1678,1679,1085,2023-01-27,104,2,4.5,0.0
1679,1680,1142,2023-04-25,105,2,4.0,10.0
1680,1681,1192,2023-05-07,110,4,15.0,30.0
1681,1682,1173,2023-10-15,103,4,1.2,30.0
1682,1683,1078,2023-08-29,102,3,2.8,20.0
1683,1684,1026,2023-01-12,109,2,0.5,0.0
1684,1685,1116,2023-03-17,110,4,15.0,10.0
1685,1686,1014,2023-07-03,107,3,3.5,10.0
1686,1687,1062,2023-05-02,102,2,2.8,20.0
1687,1688,1156,2023-01-13,104,5,4.5,20.0
1688,1689,1096,2023-09-28,106,3,4.5,0.0
1689,1690,1041,2023-10-08,102,2,2.8,20.0
1690,1691,1046,2023-06-06,106,3,4.5,0.0
1691,1692,1011,2023-09-30,104,3,4.5,10.0
1692,1693,1178,2023-02-13,109,3,0.5,10.0
1693,1694,1135,2023-03-29,110,5,15.0,20.0
1694,1695,1185,2023-02-22,106,3,4.5,20.0
1695,1696,1117,2023-12-20,104,3,4.5,10.0
1696,1697,1123,2023-11-04,109,4,0.5,20.0
1697,1698,1118,2023-01-09,105,2,4.0,30.0
1698,1699,1053,2023-04-08,108,1,3.0,20.0
1699,1700,1019,2023-04-27,110,1,15.0,20.0
1700,1701,1125,2023-05-11,101,4,2.5,30.0
1701,1702,1049,2023-08-08,110,4,15.0,30.0
1702,1703,1199,2023-09-07,101,4,2.5,30.0
1703,1704,1097,2023-10-21,109,3,0.5,20.0
1704,1705,1117,2023-01-30,109,3,0.5,10.0
1705,1706,1159,2023-10-20,101,5,2.5,0.0
1706,1707,1150,2023-09-05,106,4,4.5,20.0
1707,1708,1044,2023-11-15,105,3,4.0,10.0
1708,1709,1018,2023-07-05,107,2,3.5,0.0
1709,1710,1062,2023-10-08,109,1,0.5,30.0
1710,1711,1098,2023-06-27,105,1,4.0,30.0
1711,1712,1180,2023-07-29,106,5,4.5,10.0
1712,1713,1121,2023-02-09,101,4,2.5,30.0
1713,1714,1152,2023-02-10,108,3,3.0,20.0
1714,1715,1099,2023-10-24,104,5,4.5,20.0
1715,1716,1082,2023-12-17,109,5,0.5,10.0
1716,1717,1024,2023-05-06,108,2,3.0,20.0
1717,1718,1115,2023-09-16,110,2,15.0,20.0
1718,1719,1001,2023-10-08,101,2,2.5,10.0
1719,1720,1087,2023-06-27,104,1,4.5,10.0
1720,1721,1146,2023-03-06,103,1,1.2,10.0
1721,1722,1066,2023-11-08,107,4,3.5,30.0
1722,1723,1109,2023-04-11,107,5,3.5,0.0
1723,1724,1157,2023-05-25,104,1,4.5,20.0
1724,1725,1079,2023-04-07,102,1,2.8,10.0
1725,1726,1170,2023-11-22,107,5,3.5,10.0
1726,1727,1022,2023-03-06,106,5,4.5,20.0
1727,1728,1095,2023-04-04,104,5,4.5,0.0
1728,1729,1082,2023-10-27,106,1,4.5,10.0
1729,1730,1159,2023-04-24,101,2,2.5,20.0
1730,1731,1070,2023-11-23,106,3,4.5,0.0
1731,1732,1171,2023-03-22,106,4,4.5,20.0
1732,1733,1101,2023-01-15,101,5,2.5,20.0
1733,1734,1167,2023-10-08,108,5,3.0,10.0
1734,1735,1014,2023-10-18,110,5,15.0,10.0
1735,1736,1002,2023-07-27,104,5,4.5,20.0
1736,1737,1016,2023-03-28,107,4,3.5,0.0
1737,1738,1079,2023-09-19,101,4,2.5,0.0
1738,1739,1042,2023-05-15,104,5,4.5,10.0
1739,1740,1054,2023-06-06,108,1,3.0,20.0
1740,1741,1013,2023-01-01,101,3,2.5,10.0
1741,1742,1065,2023-08-05,104,1,4.5,0.0
1742,1743,1091,2023-06-17,108,2,3.0,30.0
1743,1744,1018,2023-05-29,102,2,2.8,20.0
1744,1745,1137,2023-12-27,101,1,2.5,30.0
1745,1746,1191,2023-10-22,107,1,3.5,0.0
1746,1747,1117,2023-08-12,105,2,4.0,20.0
1747,1748,1188,2023-03-03,102,3,2.8,10.0
1748,1749,1044,2023-01-24,104,5,4.5,0.0
1749,1750,1147,2023-08-10,105,2,4.0,20.0
1750,1751,1093,2023-06-04,110,1,15.0,30.0
1751,1752,1141,2023-02-12,107,1,3.5,10.0
1752,1753,1028,2023-12-09,102,3,2.8,20.0
1753,1754,1114,2023-12-31,107,4,3.5,20.0
1754,1755,1071,2023-11-29,103,5,1.2,0.0
1755,1756,1088,2023-08-03,108,5,3.0,0.0
1756,1757,1126,2023-09-09,102,2,2.8,30.0
1757,1758,1128,2023-10-11,103,1,1.2,10.0
1758,1759,1147,2023-10-22,105,5,4.0,0.0
1759,1760,1155,2023-09-25,110,2,15.0,0.0
1760,1761,1103,2023-11-22,101,4,2.5,10.0
1761,1762,1137,2023-08-18,107,4,3.5,20.0
1762,1763,1119,2023-12-01,109,5,0.5,10.0
1763,1764,1151,2023-02-13,107,3,3.5,10.0
1764,1765,1075,2023-11-25,107,2,3.5,30.0
1765,1766,1076,2023-12-13,104,1,4.5,10.0
1766,1767,1122,2023-03-29,108,2,3.0,10.0
1767,1768,1014,2023-10-09,101,1,2.5,0.0
1768,1769,1188,2023-04-28,103,3,1.2,30.0
1769,1770,1091,2023-09-28,104,3,4.5,30.0
1770,1771,1059,2023-11-08,108,1,3.0,10.0
1771,1772,1035,2023-11-30,102,1,2.8,30.0
1772,1773,1047,2023-12-23,107,2,3.5,10.0
1773,1774,1167,2023-11-22,105,3,4.0,0.0
1774,1775,1041,2023-07-22,106,3,4.5,0.0
1775,1776,1193,2023-11-17,101,3,2.5,30.0
1776,1777,1068,2023-06-06,104,4,4.5,20.0
1777,1778,1074,2023-10-13,107,4,3.5,10.0
1778,1779,1148,2023-10-25,101,1,2.5,20.0
1779,1780,1119,2023-07-25,103,5,1.2,0.0
1780,1781,1159,2023-10-14,106,1,4.5,20.0
1781,1782,1039,2023-01-06,104,3,4.5,0.0
1782,1783,1124,2023-10-25,108,3,3.0,10.0
1783,1784,1082,2023-06-07,102,1,2.8,0.0
1784,1785,1039,2023-06-10,102,2,2.8,20.0
1785,1786,1189,2023-09-22,102,4,2.8,0.0
1786,1787,1162,2023-07-13,109,5,0.5,30.0
1787,1788,1151,2023-12-03,102,1,2.8,10.0
1788,1789,1132,2023-03-23,105,3,4.0,10.0
1789,1790,1101,2023-06-27,103,4,1.2,30.0
1790,1791,1113,2023-11-18,104,3,4.5,0.0
1791,1792,1073,2023-09-02,106,1,4.5,30.0
1792,1793,1108,2023-02-15,103,3,1.2,30.0
1793,1794,1099,2023-06-27,110,4,15.0,20.0
1794,1795,1010,2023-09-14,102,1,2.8,0.0
1795,1796,1011,2023-11-08,105,4,4.0,0.0
1796,1797,1101,2023-08-03,101,3,2.5,0.0
1797,1798,1116,2023-04-21,107,2,3.5,20.0
1798,1799,1116,2023-08-08,104,3,4.5,10.0
1799,1800,1085,2023-05-03,107,1,3.5,10.0
1800,1801,1004,2023-02-08,102,5,2.8,30.0
1801,1802,1101,2023-02-04,109,4,0.5,20.0
1802,1803,1045,2023-12-06,108,5,3.0,0.0
1803,1804,1079,2023-07-28,108,3,3.0,20.0
1804,1805,1181,2023-07-30,102,2,2.8,10.0
1805,1806,1147,2023-09-26,109,3,0.5,0.0
1806,1807,1022,2023-01-09,107,2,3.5,20.0
1807,1808,1116,2023-09-18,107,3,3.5,20.0
1808,1809,1108,2023-06-12,107,3,3.5,10.0
1809,1810,1134,2023-09-12,110,5,15.0,10.0
1810,1811,1029,2023-10-25,107,3,3.5,0.0
1811,1812,1114,2023-02-25,103,3,1.2,0.0
1812,1813,1086,2023-01-03,103,1,1.2,10.0
1813,1814,1075,2023-10-20,108,1,3.0,0.0
1814,1815,1124,2023-04-30,104,5,4.5,20.0
1815,1816,1147,2023-01-11,110,5,15.0,0.0
1816,1817,1080,2023-08-13,106,2,4.5,30.0
1817,1818,1116,2023-10-01,108,2,3.0,0.0
1818,1819,1147,2023-07-18,104,5,4.5,20.0
1819,1820,1114,2023-02-13,105,1,4.0,0.0
1820,1821,1015,2023-12-01,105,3,4.0,20.0
1821,1822,1005,2023-08-17,104,1,4.5,10.0
1822,1823,1039,2023-12-13,104,2,4.5,10.0
1823,1824,1128,2023-03-21,110,2,15.0,30.0
1824,1825,1067,2023-02-20,108,3,3.0,0.0
1825,1826,1005,2023-05-25,102,5,2.8,20.0
1826,1827,1138,2023-04-22,101,1,2.5,20.0
1827,1828,1112,2023-08-15,105,3,4.0,30.0
1828,1829,1103,2023-07-17,107,2,3.5,0.0
1829,1830,1156,2023-09-17,109,2,0.5,20.0
1830,1831,1089,2023-11-25,105,3,4.0,30.0
1831,1832,1029,2023-12-26,107,2,3.5,0.0
1832,1833,1176,2023-08-11,110,5,15.0,10.0
1833,1834,1111,2023-03-31,108,4,3.0,30.0
1834,1835,1044,2023-03-30,110,5,15.0,10.0
1835,1836,1183,2023-02-03,105,5,4.0,30.0
1836,1837,1067,2023-03-03,106,4,4.5,30.0
1837,1838,1166,2023-03-23,102,4,2.8,30.0
1838,1839,1024,2023-11-02,103,2,1.2,0.0
1839,1840,1153,2023-07-17,103,4,1.2,0.0
1840,1841,1099,2023-07-18,110,2,15.0,0.0
1841,1842,1172,2023-08-08,110,5,15.0,30.0
1842,1843,1045,2023-12-05,106,1,4.5,20.0
1843,1844,1183,2023-05-06,103,4,1.2,0.0
1844,1845,1015,2023-08-18,107,1,3.5,20.0
1845,1846,1033,2023-06-27,101,5,2.5,30.0
1846,1847,1049,2023-06-12,110,5,15.0,10.0
1847,1848,1045,2023-07-16,110,3,15.0,10.0
1848,1849,1098,2023-11-09,108,5,3.0,20.0
1849,1850,1177,2023-10-31,104,1,4.5,30.0
1850,1851,1150,2023-01-16,102,5,2.8,10.0
1851,1852,1068,2023-03-05,104,3,4.5,30.0
1852,1853,1119,2023-02-06,106,5,4.5,20.0
1853,1854,1060,2023-11-08,109,5,0.5,0.0
1854,1855,1011,2023-04-01,104,2,4.5,0.0
1855,1856,1099,2023-04-24,101,1,2.5,0.0
1856,1857,1061,2023-12-15,107,4,3.5,30.0
1857,1858,1013,2023-01-18,110,5,15.0,30.0
1858,1859,1081,2023-09-17,105,3,4.0,0.0
1859,1860,1156,2023-06-22,107,4,3.5,0.0
1860,1861,1158,2023-12-06,101,3,2.5,0.0
1861,1862,1001,2023-03-01,101,5,2.5,10.0
1862,1863,1198,2023-10-14,107,2,3.5,20.0
1863,1864,1046,2023-08-04,104,4,4.5,20.0
1864,1865,1077,2023-08-31,108,5,3.0,0.0
1865,1866,1171,2023-09-07,108,3,3.0,10.0
1866,1867,1043,2023-11-13,102,1,2.8,20.0
1867,1868,1025,2023-09-04,101,2,2.5,0.0
1868,1869,1190,2023-05-08,102,1,2.8,20.0
1869,1870,1146,2023-02-09,101,2,2.5,10.0
1870,1871,1190,2023-06-14,106,2,4.5,0.0
1871,1872,1108,2023-08-09,102,2,2.8,0.0
1872,1873,1153,2023-09-07,102,1,2.8,30.0
1873,1874,1017,2023-11-04,110,5,15.0,30.0
1874,1875,1151,2023-01-08,107,5,3.5,10.0
1875,1876,1096,2023-08-30,110,4,15.0,30.0
1876,1877,1189,2023-10-17,104,4,4.5,30.0
1877,1878,1033,2023-11-08,107,3,3.5,10.0
1878,1879,1088,2023-01-17,104,5,4.5,20.0
1879,1880,1069,2023-07-01,107,3,3.5,0.0
1880,1881,1093,2023-11-22,103,2,1.2,30.0
1881,1882,1114,2023-06-06,106,3,4.5,20.0
1882,1883,1057,2023-01-27,101,1,2.5,30.0
1883,1884,1021,2023-06-10,106,5,4.5,10.0
1884,1885,1160,2023-12-12,108,4,3.0,10.0
1885,1886,1176,2023-04-16,109,5,0.5,10.0
1886,1887,1053,2023-06-26,108,4,3.0,20.0
1887,1888,1139,2023-01-02,108,5,3.0,10.0
1888,1889,1136,2023-01-28,105,1,4.0,30.0
1889,1890,1121,2023-07-18,101,5,2.5,0.0
1890,1891,1001,2023-07-27,109,3,0.5,10.0
1891,1892,1005,2023-12-06,107,2,3.5,30.0
1892,1893,1153,2023-12-26,104,1,4.5,20.0
1893,1894,1031,2023-05-15,110,5,15.0,20.0
1894,1895,1135,2023-09-18,109,1,0.5,0.0
1895,1896,1142,2023-04-07,109,1,0.5,0.0
1896,1897,1065,2023-01-16,106,2,4.5,30.0
1897,1898,1021,2023-10-21,101,4,2.5,30.0
1898,1899,1070,2023-07-05,102,5,2.8,0.0
1899,1900,1171,2023-12-02,104,4,4.5,30.0
1900,1901,1053,2023-03-31,105,3,4.0,20.0
1901,1902,1190,2023-09-07,103,1,1.2,0.0
1902,1903,1012,2023-04-05,109,1,0.5,10.0
1903,1904,1044,2023-08-17,104,3,4.5,0.0
1904,1905,1049,2023-04-18,109,4,0.5,10.0
1905,1906,1116,2023-09-29,108,5,3.0,20.0
1906,1907,1158,2023-04-02,109,4,0.5,0.0
1907,1908,1002,2023-04-15,103,1,1.2,30.0
1908,1909,1081,2023-06-03,106,2,4.5,10.0
1909,1910,1171,2023-05-17,101,1,2.5,0.0
1910,1911,1004,2023-08-28,110,2,15.0,10.0
1911,1912,1185,2023-11-16,101,2,2.5,0.0
1912,1913,1108,2023-10-22,109,4,0.5,0.0
1913,1914,1055,2023-03-09,103,2,1.2,20.0
1914,1915,1089,2023-09-07,107,3,3.5,30.0
1915,1916,1155,2023-11-30,105,3,4.0,30.0
1916,1917,1038,2023-11-16,107,3,3.5,10.0
1917,1918,1028,2023-01-08,101,4,2.5,20.0
1918,1919,1174,2023-05-04,101,3,2.5,20.0
1919,1920,1071,2023-05-21,106,1,4.5,20.0
1920,1921,1021,2023-04-01,101,2,2.5,10.0
1921,1922,1043,2023-11-28,103,1,1.2,30.0
1922,1923,1165,2023-01-24,103,4,1.2,30.0
1923,1924,1108,2023-10-07,101,2,2.5,0.0
1924,1925,1200,2023-12-16,106,3,4.5,10.0
1925,1926,1158,2023-07-10,102,3,2.8,10.0
1926,1927,1172,2023-12-22,105,2,4.0,0.0
1927,1928,1057,2023-01-17,107,4,3.5,10.0
1928,1929,1187,2023-04-14,103,3,1.2,20.0
1929,1930,1096,2023-08-23,108,2,3.0,10.0
1930,1931,1181,2023-04-05,109,5,0.5,0.0
1931,1932,1100,2023-08-07,104,2,4.5,30.0
1932,1933,1087,2023-01-27,101,3,2.5,20.0
1933,1934,1092,2023-09-24,109,4,0.5,0.0
1934,1935,1154,2023-04-05,110,4,15.0,10.0
1935,1936,1106,2023-02-22,105,3,4.0,0.0
1936,1937,1194,2023-10-13,102,5,2.8,10.0
1937,1938,1103,2023-05-10,104,3,4.5,30.0
1938,1939,1112,2023-09-29,101,3,2.5,30.0
1939,1940,1170,2023-08-04,110,5,15.0,30.0
1940,1941,1121,2023-10-22,106,2,4.5,20.0
1941,1942,1171,2023-11-02,109,2,0.5,20.0
1942,1943,1077,2023-07-08,101,3,2.5,20.0
1943,1944,1108,2023-01-07,104,4,4.5,30.0
1944,1945,1119,2023-03-08,101,4,2.5,0.0
1945,1946,1119,2023-04-26,106,2,4.5,10.0
1946,1947,1102,2023-02-14,104,2,4.5,30.0
1947,1948,1123,2023-08-26,109,5,0.5,0.0
1948,1949,1116,2023-10-23,102,1,2.8,0.0
1949,1950,1191,2023-08-20,105,4,4.0,10.0
1950,1951,1156,2023-08-18,110,4,15.0,20.0
1951,1952,1147,2023-07-29,104,2,4.5,20.0
1952,1953,1112,2023-12-07,110,4,15.0,30.0
1953,1954,1090,2023-11-05,101,5,2.5,30.0
1954,1955,1094,2023-03-08,105,5,4.0,20.0
1955,1956,1119,2023-08-25,108,4,3.0,20.0
1956,1957,1196,2023-01-27,107,1,3.5,0.0
1957,1958,1163,2023-11-30,110,1,15.0,30.0
1958,1959,1054,2023-02-14,106,5,4.5,0.0
1959,1960,1198,2023-07-24,102,1,2.8,0.0
1960,1961,1046,2023-05-06,106,5,4.5,0.0
1961,1962,1200,2023-08-18,102,5,2.8,0.0
1962,1963,1100,2023-01-09,106,4,4.5,10.0
1963,1964,1056,2023-10-15,104,3,4.5,30.0
1964,1965,1200,2023-03-30,102,5,2.8,20.0
1965,1966,1104,2023-09-03,104,3,4.5,20.0
1966,1967,1197,2023-06-11,101,3,2.5,0.0
1967,1968,1008,2023-03-29,110,1,15.0,20.0
1968,1969,1155,2023-08-03,103,4,1.2,30.0
1969,1970,1055,2023-08-09,104,4,4.5,20.0
1970,1971,1101,2023-09-05,110,3,15.0,30.0
1971,1972,1105,2023-06-29,103,2,1.2,10.0
1972,1973,1012,2023-06-03,107,4,3.5,30.0
1973,1974,1065,2023-04-19,104,4,4.5,30.0
1974,1975,1080,2023-06-28,102,5,2.8,30.0
1975,1976,1189,2023-11-20,109,4,0.5,10.0
1976,1977,1094,2023-07-24,109,4,0.5,10.0
1977,1978,1116,2023-01-20,103,5,1.2,10.0
1978,1979,1020,2023-10-08,103,1,1.2,0.0
1979,1980,1012,2023-06-26,103,3,1.2,20.0
1980,1981,1126,2023-05-09,103,1,1.2,0.0
1981,1982,1177,2023-02-03,107,5,3.5,20.0
1982,1983,1074,2023-07-11,109,5,0.5,30.0
1983,1984,1134,2023-06-16,109,5,0.5,0.0
1984,1985,1178,2023-08-15,109,3,0.5,10.0
1985,1986,1023,2023-04-22,104,5,4.5,30.0
1986,1987,1103,2023-09-27,105,3,4.0,0.0
1987,1988,1103,2023-06-21,106,1,4.5,0.0
1988,1989,1093,2023-08-13,106,3,4.5,0.0
1989,1990,1096,2023-12-05,110,3,15.0,10.0
1990,1991,1070,2023-03-05,104,5,4.5,30.0
1991,1992,1103,2023-03-17,105,3,4.0,10.0
1992,1993,1091,2023-06-16,108,2,3.0,10.0
1993,1994,1166,2023-05-30,101,5,2.5,20.0
1994,1995,1067,2023-06-27,106,1,4.5,0.0
1995,1996,1159,2023-05-04,110,2,15.0,20.0
1996,1997,1034,2023-06-02,108,1,3.0,10.0
1997,1998,1144,2023-01-27,107,5,3.5,10.0
1998,1999,1079,2023-08-18,104,3,4.5,0.0
1999,2000,1039,2023-11-23,109,4,0.5,20.0
